,Astrocyte,Microglia-PVM,L2/3 IT,Oligodendrocyte,Chandelier,Endothelial,L4 IT,L5 ET,L5 IT,L5/6 NP,L6 CT,L6 IT,L6 IT Car3,L6b,Lamp5,Lamp5 Lhx6,OPC,Pax6,Pvalb,Sncg,Sst,Sst Chodl,VLMC,Vip
0,MT3,HSPA1A,PCDH9-AS2,LDB3,DPP10-AS3,LOC105377862,PCDH9-AS2,CTNNA3,DEFB4A,PCDH9-AS2,PCDH9-AS2,PCDH9-AS2,PCDH9-AS2,PCDH11Y,PCDH11Y,BACH1,LINC00299,ZNF385D-AS2,EYS,LINC01060,BACH1,BACH1,ADGRD1,LINC01060
1,FTH1,HSPA1B,TIMP3,GLDN,PCDH9-AS2,TNFSF10,FTH1,PPP1R9A-AS1,PCDH9-AS2,CTNNA3,ERBB4,TIMP3,CNTN5,PCDH9-AS2,TRPC3,PDE8A,LHFPL3-AS1,PCDH9-AS2,DPP10-AS3,CNR1,SST,SGCZ,MYO16,FTH1
2,SLC1A3,ZFP36L1,CTNNA3,PDE8A,PLEKHH2,A2M,TIMP3,PCDH9-AS2,CTNNA3,ZNF385D-AS2,ADAMTSL1,CTNNA3,CTNNA3,CTNNA3,SAT1,IPO9-AS1,TRPM3,PCDH11Y,PDE8A,THSD7B,PLCH1,RNASET2,LINC02055,PCDH9-AS2
3,EFEMP1,IPCEF1,P2RY14,HHATL,PDE8A,ABCG2,PALM2AKAP2,DPP10-AS3,FTH1,DENND3,DENND3,FTH1,TIMP3,SLC1A2,PCDH9-AS2,PCDH11Y,BEST3,GNG12-AS1,IPO9-AS1,COL21A1,PDE8A,PDE4B,GABRE,CXCL14
4,PCDH9-AS2,LINC02712,PDE7B-AS1,OPALIN,ZNF385D-AS2,ENTREP1,LOC105374524,LINC02072,TIMP3,DPP10-AS3,DPP10-AS3,DENND3,STK32B,ADAMTSL1,LINC01630,PRKCH,IPO9-AS1,SLC26A5-AS1,CTNNA3,FTH1,PDE1C,PWRN1,PLCE1,PDE7B-AS1
5,F3,NCKAP5,CHST9,SLC7A14-AS1,KCNIP1,C8orf34,PCDH11Y,TIMP3,DPP10-AS3,ABCC4,ELMO1,CHST9,MCTP2,LINC02232,SPHKAP,SHISA6,ST6GAL1,CCK,PLCH1,PDE7B-AS1,TMEM165,STK32B,LOC105377448,ABCB1
6,LINC00299,LINC00278,LOC105374524,SVEP1,CREB5,PAQR5,ABCB1,CYP1B1,PPP1R9A-AS1,LINC01060,CTNNA3,PPP1R9A-AS1,MYO10,PPP1R9A-AS1,COL25A1,KIT,LHFPL3,LINC01060,SGCZ,PKP2,RNASET2,PCDH9-AS2,COL4A4,PPP1R9A-AS1
7,GNA14-AS1,DENND3,PCED1B,SEMA3B,IPO9-AS1,CEMIP,TMEM165,IPO9-AS1,LINC00299,C10orf90,LINC01060,DPYD-AS1,P2RY14,ELMO1,BACH1,PPP1R9A-AS1,ADAMTS9,CRH,TAC1,CXCL14,LINC01482,ENO4,HEY2-AS1,SHOC1
8,MT2A,ST6GAL1,NPAS3,KCNH8,PLD1,ID1,CTNNA3,MGST1,P2RY14,PCDH11Y,GNG12-AS1,P2RY14,RGS12,DPP10-AS3,SLAIN1,SAT1,CNTN5,TIMP3,TMEM165,TFRC,FTH1,IPO9-AS1,LINC01060,STARD13-AS
9,FTL,SLC2A3,SLC4A4,TP53TG5,LCP1,MYO5B,P2RY14,LOC105369147,PCED1B,HTR2C,PPP1R9A-AS1,IPO9-AS1,SVIL,HDAC2-AS2,FTH1,SPHKAP,CTNNA3,FTH1,PCDH9-AS2,PLD5,GNG12-AS1,ANOS1,COL15A1,ENO4
10,P2RY14,DUSP1,SHOC1,ADAMTS14,KIF26B,RNF220,DLEU1,DENND3,DENND3,LOC102546299,SLC1A2,ELMO1,TMEM165,IPO9-AS1,IPO9-AS1,HLA-A,ROBO2,LINC00299,SLC7A14-AS1,SLAIN1,USP53,NXPH2,VCAN,KMO
11,LOC105369147,APBB1IP,MGST1,EMC10,TAFA4,ABCA1,PPP1R9A-AS1,LOC101927560,PCA3,PPP1R9A-AS1,SEMA5A,DPP10-AS3,DENND3,TIMP3,B2M,ZNF385D-AS2,PCDH9-AS2,IPO9-AS1,ARHGAP42,KMO,MYO5B,LOC105369147,PTPRC,CCK
12,PPP1R9A-AS1,LRMDA,DPYD-AS1,PTGDS,SERPINB9,ST8SIA6,B3GNT5,ABCB1,ABCB1,PDLIM1,CALCRL,SLC7A14-AS1,ACSS3,LINC01060,SLC16A9,FTH1,LOC105369147,SVIL,SAT1,TMEM165,IPO9-AS1,HHIP,ADAMTS9,TIMP3
13,SLC1A3-AS1,TMEM163,PDE4B,LINC00609,EYS,GNA14-AS1,HHIP,FTH1,HHIP,BMP2K,SVIL,LINC01090,DPYD-AS1,PDE4B,SCD,PCDH9-AS2,TNC,HHIP,GNG12-AS1,ADAM33,MKRN3,TAC1,ADAM12,P2RY14
14,DPP10-AS3,FOS,DENND3,CPB2-AS1,ARHGAP42,SLCO1A2,ANGPT2,COL21A1,B3GNT5,TMEM132C,PDE8A,CCK,IPO9-AS1,P2RY14,TMEM165,SHOC1,PPP1R9A-AS1,CNR1,FRMD4B,HLA-A,ABTB3,ADAMTS18,RAD51B,VIP
15,LOC105370315,MROCKI,DLEU1,PCDH9-AS2,CEMIP,ZBTB20-AS5,CHST9,ANGPT2,TMEM165,ADAMTSL1,DPYD-AS1,LINC00299,TTN,DLEU1,HLA-A,CTNNA3,PMP2,BACH1,WIF1,TAFA4,MAN2A1,THSD7A,LRP2,PKP2
16,DPP10,IL4R,B3GNT5,PHLDB1,FTH1,HIF1A,ACSS3,SHOC1,IPO9-AS1,P2RY14,TTYH2,ANGPT2,ELMO1,CHST9,PRKCH,SRGAP2B,PCDH11Y,CHRNA7,RNF144B,TMTC2,SLC24A3,SRGAP2B,SLC7A14-AS1,TAC3
17,AASS,H2BC8,PPP1R9A-AS1,MBP,SLAIN1,LAMA4,SHISA6,FGF1,DPYD-AS1,SRGAP2B,LINC02263,SHOC1,ANGPT2,LOC100506474,CXCL14,CA8,LOC105378311,ABCB1,KIF26B,GAD2,PCDH11Y,SOX6,KLHL1,B3GNT5
18,PTN,MIR646HG,IPO9-AS1,TMEM165,TIMP3,NLRP1,DENND3,ZNF804B,CHST9,ABCB1,FTH1,SRGAP2B,RBPMS,SLC7A14-AS1,KIT,ETS1,ACSS3,SHOC1,SRGAP2B,LUZP2,FGF1,ZBTB20-AS5,RREB1,IPO9-AS1
19,CA8,GPR183,FGFR2,PALM2AKAP2,NIBAN1,LRMDA,SHOC1,LINC01090,SHOC1,SVIL,IL4R,LINC00320,SHOC1,SVIL,SHISA6,ANGPT2,SGCZ,TMEM165,PLCE1,LRIG1,PCDH9-AS2,CD55,LINC01931,CTNNA3
20,LUCAT1,RUBCNL,ANGPT2,CARNS1,TTN,ATP10A,CREB5,TTN,MAN2A1,LHFPL3-AS1,HS3ST2,TTN,DLC1,DPYD-AS1,MYH11,NXPH2,APOE,HIF1A-AS3,PCSK6,CD36,KAT2B,COL25A1,LINC00278,PCDH11Y
21,GRIN2C,FBN2,RIN3,LOC102724289,SHISA6,EDN1,LINC02930,HHIP,PALM2AKAP2,TMEM163,XYLT1,RFX4,ENO4,NRXN1-DT,SV2C,TIMP3,TIMP3,LOC613266,ENO4,PDE4B,GNB4,ZBTB20,MYO10,PLPP4
22,S100B,CX3CR1,PAMR1,SLC5A11,PALM2AKAP2,ITIH5,MAN2A1,CHST9,SHISA6,PCDH15,WWTR1,HDAC2-AS2,MGST1,LMCD1-AS1,PDE8A,GNG12-AS1,KLHL1,SLC7A14-AS1,ERBIN,HTR2C,CGNL1,SLC25A13,FERMT1,PDE8A
23,SLCO1C1,TMC8,PLA2G4A,CPB2,PCSK6,SLC7A5,CCK,LPAR6,PRUNE2,TTN,LINC00299,NRXN1-DT,SHISA6,MGST1,KCNQ1,SLAIN1,GPC5,LOC105369147,RNASET2,CARD11,ENO4,TRPC6,ENO4,PTPRZ1
24,HDAC2-AS2,PARD3B,DOCK2,ENO4,GRIN2C,GIMAP7,TGFB1,GNA14-AS1,RASGEF1B,ADAMTS9-AS2,SLC7A14-AS1,HHIP,FTH1,FTH1,SLC16A1,PCSK5,PCSK6,TGFB1,CPED1,SLC44A1,COL25A1,SST,LHFPL3,NOTCH2
25,HEPN1,QKI,ADAMTS9-AS2,MOG,WIF1,CTNNA3,CD53,P2RY14,CREB5,SPATA13,COL25A1,PLEKHH2,TP53TG5,ANGPT2,ITGA6,PKP2,TSHZ2,P2RY14,ROBO2,SRGAP2B,FAM20A,SRGAP2,CHI3L2,ADAM33
26,GNG12-AS1,ITGAM,SRGAP2B,S100B,ANKRD44,PDGFB,SVIL,IL18,RFX4,UST,RFX4,MAN2A1,RIN3,STARD13-AS,ADIPOR2,ARHGAP31,TTN,CXCL14,ANGPT2,ABCB1,EYS,PPP1R9A-AS1,L3MBTL4,HLA-A
27,LRRC3B,TGFBR1,RFX4,DPYD-AS1,MID1,LURAP1L-AS1,MERTK,RNF152,LINC02263,TMEM144,TMEM165,TMEM165,B3GNT5,B3GNT5,TFRC,SCD,LINC03048,LINC01876,ADIPOR2,ARHGAP42,SRGAP2B,DACH2,ELMO1-AS1,TTN
28,LINC02649,BCL6,TMEM165,HYCC1,ALK,ITM2A,FN1,PCA3,LOC105369147,FN1,P2RY14,AGBL1,RUNX2,LINC02263,VCAN,SLC16A9,FREM2,MGST1,PTPRZ1,COL25A1,ELOVL7,CRYBG3,TPRG1,ANGPT2
29,PRUNE2,RASGEF1C,SLAIN1,LINC02072,RUBCNL,ABCB1,TP53TG5,RUNX2,BMP2K,ANGPT2,CLDND1,PRKCH,HHIP,PALM2AKAP2,PKP2,ADGRG6,LINC02649,ZNRF3,TIMP3,PROX1-AS1,SAT1,LINC01482,CD36,LINC02930
30,SAT1,S100A8,ABCC4,DAPK2,SGCZ,CCN2,SAT1,NTNG1,ANGPT2,RUBCNL,RHOJ,LOC105369147,SLC16A1,PTN,GNB4,TTN,HIF1A-AS3,FBXL7,B3GNT5,CREB5,PALM2AKAP2,SVEP1,CACHD1,SLC7A14-AS1
31,PDE7B-AS1,FGL1,ABCB1,PLEKHG3,RGS12,THSD4,USP53,PDE1C,TRPM3,CARD11,CHST9,SRGAP2,LOC105377862,ABCB1,SHOC1,TGFB1,RGMA,SCD,BMP2K,PRKCH,PITPNC1,ANKRD44,SLC35D2,TMEM165
32,LRP4-AS1,HAMP,CYP1B1,HEPN1,FGF13,SLC2A1,IPO9-AS1,NPAS3,RCSD1,TMEM165,SHOC1,DLEU1,CHST9,LOC105369147,P2RY14,NLRC5,CPQ,DDR2,SLAIN1,SLC7A14-AS1,NOTCH2,ITPR2,SGCZ,SHISA8
33,ABCC9,H2BC18,LINC02694,LINC01299,LHFPL3-AS1,DOCK8,DPYD-AS1,CFTR,SRGAP2B,SHOC1,TP53TG5,THEMIS,PPP1R9A-AS1,TTN,RUBCNL,FGF13,CFTR,HDAC2-AS2,P2RY14,DOCK10,LINC01060,FTH1,ABCC4,ABCC4
34,ZBTB20-AS5,CYTH4,AGBL1,PPP1R14A,SLC25A13,GRIK1,SRGAP2B,PCDH11Y,LINC01060,PRKCH,ABCC4,BMP2K,SYNPR,RFX4,SLC25A13,EYA4,LOC105370315,LHFPL3-AS1,ABCB1,NLRC5,LOC105378311,POLR2F,GJA5,FN1
35,TMEM132C,PLTP,SVEP1,MIR325HG,TMEM165,IFI30,PDE8A,SRGAP2B,TP53TG5,SRGAP2,B3GNT5,LINC02008,RASGEF1C,SHOC1,PPP1R9A-AS1,B3GNT5,CEMIP,ANGPT2,CMTM8,PPP1R9A-AS1,SLAIN1,CFTR,SAMD9L,ADIPOR2
36,DLC1,NFATC2,CFAP418-AS1,LINC03048,PLCH1,CGNL1,LOC105369147,CTXND1,UST,ABCC9,LOC105369147,ZNF98,LMCD1-AS1,NKAIN3,UTRN,CPQ,TMEM176B,PDE8A,DLEU1,ZNF385D-AS2,FRMD4B,VRK2,MCAM,DOCK2
37,CHST9,FCGR3A,LOC101927745,LINC01608,ZBTB20,MAML2,CFAP418-AS1,KCNQ1,PTCHD4,LOC100506474,ANGPT2,LY86,CALCRL,SPHKAP,RFX4,RIN3,VCAN-AS1,RELN,PDE7B-AS1,SOX6,RNF152,PLD1,IRAG1,CRH
38,SHOC1,EMID1,HHIP,PCA3,FAM222A-AS1,PAWR,SLC7A14-AS1,LINC01060,ACSS3,TRIM22,SHISA6,CYP1B1,CCK,DDR2,ZNF385D-AS2,LTBP1,CACNG5,PRUNE2,SGO1-AS1,DCN,KIF26B,PGM5,SCHLAP1,CFTR
39,IPO9-AS1,LINC02642,ENO4,SPATA22,P2RY14,ANGPTL4,RASGEF1B,PREX1,LINC02930,MGST1,DLEU1,SVIL,RGMA,ENO4,GNG12-AS1,RUBCNL,RUBCNL,MCAM,NOTCH2,SAT1,ST6GALNAC3,ADIPOR2,C8orf34,HIF1A-AS3
40,SHISA6,F13A1,L3MBTL4,MOBP,ABCB1,BNC2,UST,DLEU1,SLC44A1,LOC101927560,ZFHX3,RBPMS,PRKCH,CPQ,NLRC5,P2RY14,LINC01876,TRPM3,SLC25A13,PCDH9-AS2,HHIP,LINC01090,THSD4,HHIP
41,LRIG1,GADD45B,TRPM3,LPAR1,LINC01010,TFRC,PDE7B-AS1,NCKAP5,TGFB1,LOC124903183,GLDN,FOXP2,ABCB1,UST,SIGLEC1,LRP2,C4orf19,WIF1,SERPINB9,ENO4,SHOC1,TNFSF15,CHST11,LINC01876
42,KCNIP1,ZFP36,SCHLAP1,CFTR,CFAP418-AS1,LRRC1,TRPM3,MIR646HG,PAMR1,IPO9-AS1,HHIP,SLAIN1,CPB2,CYP1B1,CTNNA3,TMEM165,UACA,IL18,LINC02930,WIF1,RIN2,SLC7A11,FGF13,MARCKSL1
43,CGNL1,FTH1,P2RY12,FRMD4B,ENO4,RAMP2,LPAR6,SLC16A1,SAT1,AKAP13,GALNTL6,COL25A1,CEMIP,ABCC4,LINC01876,SVEP1,B3GNT5,SLAIN1,SHOC1,SHOC1,ST6GAL1,ADAMTSL1,PLCH1,COL21A1
44,ENTREP1,CH25H,RGS20,DOCK2,SAT1,ADM,MBP,EYS,SVEP1,LINC01748,SRGAP2B,PCED1B,A2M,MT1X,CRH,PLPP3,TNFRSF10B,NLRC5,HHATL,EPS8,B3GNT5,ITGB5,LINC02649,CNR1
45,CACHD1,GLUL,NDRG1,CTNNA3,COL15A1,EMC10,QDPR,TRAF3IP3,LPAR6,LOC105369147,RCSD1,SVEP1,RFX4,PCDH15,PDE3A,FBXL7,SLC16A9,A2M,RUBCNL,PCSK5,CABLES1,RUBCNL,ERBIN,SRGAP2B
46,SUCLG2-DT,CCL2,PDE1C,LMCD1-AS1,FN1,SFMBT2,HIF1A-AS3,ENO4,SLC7A14-AS1,ADGRG6,SRGAP2,LOC105374524,PLA2G4A,ABCC9,SRGAP2B,MYO16,LMO2,BTG2,HHIP,CRH,MCAM,PARD3,VIP,RBPMS
47,STON2,CD69,MAN2A1,MAL,GZMA,CNTN5,BMP2K,DPYD-AS1,DLEU1,SHISA6,STARD13-AS,USP53,CABLES1,ST6GALNAC3,SAMD3,PAICS,STK33,SAMD4A,FTH1,ADAMTS6,PRKCH,PDE8A,ZFHX4,KCNQ1
48,ENTPD1,LINC02232,PDE8A,PLEKHH1,PACRG-AS3,FOXP2,LINC00299,TMEM163,IL1RAPL2,ZFHX3,ST6GAL1,FN1,LINC01877,FGF1,ZBTB20-AS5,ABCB1,MMD2,MYT1,BACH1,SUCLG2,UST,CPB2,KIAA1755,BACH1
49,AKAP13,CCDC200,SLC7A14-AS1,IPO9-AS1,LHFPL3,HSPA1A,PIP4K2A,SEMA6A-AS1,PRKCH,GNA14,IL18,ABCB1,CPVL,PRKCH,TIMP3,ADAM12,DLEU1,SRGAP2B,ETS1,SRGAP2,PCSK5,KIF26B,CCL4,ZBTB20-AS5
50,PAMR1,ADAP2,TP53TG5,CMTM5,ADAMTS17,LOC105376244,LY86,SRGAP2,TMTC2,CYP1B1,LMCD1-AS1,EYS,AOAH,FN1,B3GNT5,TRPC3,PLPP3,PTPRZ1,STARD13-AS,CHRNA7,TAC1,FGL2,WDFY4,HTR2C
51,STARD13-AS,LINC02513,PRKCH,C5orf64,MKRN3,SIRPB2,LOC105370315,SPHKAP,EYS,FGF1,TIMP3,TACR1,SRGAP2B,IFNG-AS1,QDPR,HHIP,PDE7B-AS1,MITF,TP53TG5,GNG12-AS1,SLC7A14-AS1,TIMP3,EYA1,A2M
52,LOC100506474,IRF8,LY86,TMIGD3,SRGAP1,LOC105377448,CLDND1,C11orf96,STARD13-AS,SAT1,FAM149A,L3MBTL4,LINC02008,TMEM163,LINC01060,ADIPOR2,PREX1,LOC101927026,MAN2A1,PLPP4,TP53TG5,PCSK5,ROBO2,RELN
53,LINC00278,VAV1,ACSS3,LINC01470,CACNG5,ENG,RFX4,SVIL,LINC02055,SPATA22,IPO9-AS1,STARD13-AS,ABCA1,LOC105378311,RELN,SERPINB9,BACH1,TTN,SHISA6,C8orf34,SRGAP2,DDX60L,ANGPT2,RFX4
54,ALDH1A1,OLR1,TTN,PADI2,NTNG1,TLR4,CHI3L1,PCSK6,FGF1,TMTC2,KCNQ1,TP53TG5,STARD13-AS,HHIP,DAAM2,ENO4,RFX4,CARD11,PAICS,EGLN3,PACRG-AS3,PRKCQ,GGT5,SLAIN1
55,RGS20,LIPG,ELOVL7,FOLH1,LINC02649,MARCKSL1,P2RY12,PRKCH,ABCC9,HHIP,PRKCH,TGFB1,LINC00320,TP53TG5,MKRN3,SOCS6,LRP4-AS1,PRKCH,ANOS1,WHRN,FBN2,PITPNC1,MID1,LAMA3
56,OAF,ATP8B4,RBPMS,NEK3,DENND3,SLC39A11,MEGF11,LOC107985126,IPCEF1,KIAA1217,LINC01876,B3GNT5,PLEKHH2,LINC01877,CNR1,LOC105369147,F3,HIF3A,TGFB1,LINC01470,SERPINB9,USP53,TP53TG5,CPB2
57,SOX10,SLC11A1,USP53,HPN-AS1,POLR2F,MYO10,MYO1F,DLC1,NEDD9,ASPA,ABCB1,CFAP418-AS1,DLEU1,TMEM165,WIF1,PDE7B-AS1,DOCK1,LPAR6,PCSK5,RBPMS,FAM149A,NTN1,ROR1,USP53
58,PLCH1,LINC02057,BMP2K,FTH1,PRKCQ,GNG12-AS1,LOC101927141,B3GNT5,PDE8A,SGCZ,CFAP418-AS1,LINC00298,P2RY12,LINC02930,SRGAP2,ZNF804B,SHISA6,SLC25A13,PALM2AKAP2,LOC101927745,ATP1B2,TMEM165,PELI1,LAMA2
59,LINC01877,SPATA13,FTH1,PLPPR1,LEF1,IGFBP7,LINC01877,VEGFA,DLC1,TGFB1,FGF13,RUNX2,NDRG1,ST6GAL1,SLC26A5-AS1,ATP8B4,LDLRAD3,ANKRD44,TACR1,TIMP3,ERBIN,FGF13,PON2,SAT1
60,TTN,SRGAP2,CD53,SH3TC2-DT,LAMA2,NPL,RBPMS,MYO10,HIF1A-AS3,PALM2AKAP2,LINC02930,A2M,LAMA4,CFTR,SST,TENT5A,GRAMD2B,THSD7B,KCNIP1,MGST1,LINC01876,NOSTRIN,ITGA8,SCD
61,MT1X,DPP10,LOC105369147,LOC101928651,ELMO1,EMCN,PAICS,FPR3,ZFHX3,FGD4,NCKAP1L,MGST1,NRXN1-DT,DENND3,MGAM,PTCHD4,COL5A3,PDE7B-AS1,PLEKHA7,ELOVL7,RUBCNL,LINC01505,LINC01482,ADGRL4
62,ANXA3,BCL2A1,SHISA6,ASPA,TANC1,TRGC2,LINC02694,LOC101927745,USP53,RBPMS,NRXN1-DT,DOCK2,QDPR,RNF152,LOC105369147,KCNQ1,IGFBP7,B3GNT5,IL18,ATP11C,LINC03048,P2RY14,LNC-LBCS,RUNX2
63,ETNPPL,CDKN1A,CPVL,TMEM132C,TRPC3,TRPC6,CFTR,PRUNE2,LOC101927745,GNA14-AS1,TACR1,RIN3,L3MBTL4,CHRNA7,SEMA6A,NAMPT,ZFHX3,NCKAP5,RFX4,SAMD4A,ANKRD44,ABCC4,DPP10,TGFB1
64,CEBPD,LINC01446,LINC01090,SLC25A13,LOC101927026,CD34,ZFHX3,LINC00276,ZNF98,STK33,RIN3,PDE4B,LOC105370315,TRPC3,BMP2K,SLC16A1,LINC01060,GLUL,NEDD9,PSTPIP2,PCSK6,LINC02798,STARD13-AS,DOCK10
65,STK33,ADCY7,LINC02930,PRR5L,HLA-A,ITGA6,SLC16A1,LINC00299,KCNQ1,CLDND1,HDAC2-AS2,IL18,EYS,CREB5,MIR4300HG,CFTR,NLRC5,KCNQ1,USP53,PARD3,FN1,FERMT1,DHRS9,DLEU1
66,NDRG1,BTG2,PCSK6,RUNX2,PAICS,LINC01446,ATP8B4,LINC02930,HDAC2-AS2,SLAIN1,CPQ,LINC02694,FAXDC2,RIN3,ANOS1,PHLDB1,COL4A1,FAM107A,DISC1,MAN2A1,LHFPL3-AS1,AASS,HSPA1B,PALM2AKAP2
67,QDPR,MEIS1,LPAR6,ITGA2,PREX2,ADAMTS6,SLAIN1,LOC105377862,CFTR,DLEU1,PDE4B,RERG,CFAP418-AS1,BMP2K,LINC01505,GNB4,CDKN2B-AS1,SLC44A1,CPQ,RNASET2,ITGB5,MYO5B,CDH5,SLC16A1
68,IRAG1,PLAC8,LINC00320,CLDN11,SLC16A1,SRGAP1,ELOVL7,SLC44A1,ABCC4,EYS,EYA4,CHRNA7,SLAIN1,VCAN,PCSK5,FGF1,SLC24A3,TRIM59,PARD3,DPP10-AS3,LPAR1,ATP11C,SVIL,PREX1
69,F11-AS1,NXN,ELMO1,POLR2F,CIITA,CCN1,DPP10-AS3,CYP4F12,LINC00320,PAMR1,LDLRAD3,UST,RERG,ATP8B4,BMP6,LAMP2,NOS1,PCSK5,TMEM51,EMC10,TGFB1,KAT2B,CSPG4,NEDD9
70,APOE,MYO15B,TGFB1,MUSK,LINC01091,IFI44L,EYS,TRPM3,LINC01877,LINC01876,PCDH11Y,SLC16A1,RNASET2,ASPA,GAD2,LMO2,GPNMB,CPB2,ST6GALNAC3,RELN,RNF144B,ADAMTS9-AS2,SPATA13,TP53TG5
71,DEPP1,CECR2,SRGAP2,FAM222A-AS1,COL21A1,CIMAP1B,A2M,PCED1B,IL18,LINC01317,ENO4,COL5A3,LINC02072,CLDND1,ARHGAP31,QDPR,PLEKHH2,SRGAP2,LPAR6,BMP2K,PRKCQ,ST8SIA6,LINC02381,KIT
72,SP110,A2M,SAT1,NOS1,CRH,LINC02172,ABCC4,LINC01411,P2RY12,SLC7A11,COL5A3,RGS20,HHATL,MIR325HG,HHIP,CBR1,TMEM51,DLEU1,FN1,PLEKHA7,P2RY14,PDZRN4,PRR5L,SERPINB9
73,PHF21B,BAG3,BMPR1B,LINC01630,SRGAP2,ACACB,TNS1,TP53TG5,ST6GAL1,PRKCQ,HS3ST4,LPAR6,BMP2K,USP53,PDE4B,FAM149A,SLC4A4,EPS8,ZBTB20,GPC5,PLEKHA7,PCSK6,LYVE1,ATP1B2
74,CFAP418-AS1,CCL3,WWTR1,CD55,NPFFR2,SEMA6A-AS1,LNC-LBCS,SLC39A11,CPB2,TP53TG5,ABCC9,PALM2AKAP2,LINC02930,SRGAP2,NCKAP1L,EMC10,YBX3,WDR49,AGBL1,USP53,CRYBG3,IL21R,COL3A1,MKRN3
75,PCSK6,LYN,LINC01877,TRIM59,CAPN3,CLIC4,PCED1B,FGF13,BMPR1B,RFX4,QDPR,ADIPOR2,SULF1,TACR1,LINC03048,PALM2AKAP2,TGFBR1,LINC01411,ANKRD44,RASGRP3,NRXN1-DT,PLPP3,SULF1,PLD5
76,CABLES1,SIGLEC10,QDPR,DLEU1,LINC03048,VIM,KMO,TLR5,LNC-LBCS,CREB5,PALM2AKAP2,ABCC4,ZBTB20,CALCRL,ARHGAP42,TAC1,P2RY14,GPR34,SLC44A1,SLC26A5-AS1,TFRC,DLC1,IL18R1,NRXN1-DT
77,RYR3,ENTPD1,RYR3,TMEM125,SHOC1,PTAFR,ITM2A,WDR49,LY86,HCLS1,IFNG-AS1,CPB2,GALNT15,AOAH,LOC613266,DDR2,NOTCH2,DNAH11,ST6GAL1,PCDH11Y,B2M,LINC01060,SLCO1C1,PLEKHA7
78,CD38,SHOC1,FAM149A,CREB5,TFRC,RASSF8,GNG12-AS1,SAMD4A,SRGAP2,SLC24A3,KAT2B,SLC7A11,PDE4B,LINC01876,GLDN,LOC105378311,ARHGAP15,ENO4,UST,LAMP2,CPB2,KCNIP1,PITPNC1,BCHE
79,NEK3,CCDC26,ERBIN,MARCKSL1,NOTCH3,NFATC2,RUNX2,CMTM8,LOC105370315,SERPINB9,LOC105378311,PACRG-AS3,NOTCH2,A2M,TP53TG5,RFX4,KCNIP1,AOAH,CEMIP,LINC00278,PLEKHH1,SLAIN1,SUCLG2,TFRC
80,SLC7A14-AS1,ROBO2,PALM2AKAP2,TMTC2,GNB4,LMCD1-AS1,TGFBR1,CPQ,ENO4,CPB2,ALOX5,PTCHD4,SPON1,ZNF98,LOC101927745,HAPLN2,PSD2,NID1,SAMD4A,SIGLEC1,CTNNA3,ADAMTS17,PIEZO2,CHRNA7
81,CBR1,LOC105373170,HS3ST4,ZBTB20-AS5,ARHGDIB,LINC01090,ABCC9,MTUS1,ATP8B4,CPVL,RUNX2,QDPR,PPFIBP2,LOC105373335,MYO5B,ATP1B2,HEPN1,BMP2K,KCNQ1,LINC03069,PTN,GRIK1,PDE7B-AS1,MIR325HG
82,OBI1-AS1,CTSZ,RUNX2,STARD13-AS,LYZ,PTGDS,CTSC,ATP10B,AGBL1,PTN,CHRM5,LINC01630,MYO1F,DISP1,RASGRP3,CPB2,LINC02263,LOC101927745,PACRG-AS3,CCK,CMTM8,SAT1,CNKSR3,LPAR6
83,GLI3,TLR10,STARD13-AS,LINC01411,IL21R,LOC101928516,HLA-C,BMP2K,A2M,MOBP,HIPK2,P2RY12,ZNRF3,CMTM8,CPQ,PDGFRA,ZBTB20-AS5,PIP4K2A,MITF,SYT6,PARD3,FGF1,LINC01480,LINC01090
84,MAML3,SLC39A11,SAMD3,NEAT1,TMEM163,PRR18,NOTCH2,HYCC1,RUNX2,SPI1,CEMIP,CLDND1,SLC7A14-AS1,CPB2,LAMP2,LOC613266,TMEM165,LPAR1,TMEM132C,SLC1A2,LINC02649,MSR1,MPZL2,PTCHD4
85,PRKCQ,LMCD1-AS1,CHRNA7,ENPP2,BACH1,TMEM123,RNASET2,L3MBTL4,ELOVL7,USP53,LOC105373335,FPR3,MYO1E,VCAN-AS1,TPD52L1,ROR1,DPYD-AS1,ELOVL7,HIF1A-AS3,ANGPT2,NOS1,GALNT15,SLC1A3-AS1,LRRC1
86,ROBO2,BLNK,RASGEF1B,HSPA1B,SVIL,CA8,NKAIN3,BBOX1,LMCD1-AS1,FTH1,LY86,PCA3,CFTR,CP,ELOVL7,B2M,CGNL1,RFX4,COBLL1,LINC01876,NXPH2,LOC101927026,ATP13A4,ZNRF3
87,PITPNC1,ITPR2,SLC16A1,LINC02649,SULF2,SLFN12L,FAM149A,SERPINB9,WWTR1,MAN2A1,F13A1,ZNF804B,HS3ST5,P2RY12,LOC105377448,BMP2K,LOC101927745,HTR2C,PIP4K2A,LINC00276,TAC3,PDE3A,SLC9A9,CLDND1
88,P2RY12,ZFHX3,RUBCNL,WHRN,PLEKHG3,LHFPL2,PACRG-AS3,KIAA1217,NRXN1-DT,DPYD-AS1,P2RY12,MYO1E,RNF152,PHLPP1,SLC7A2,ACSL1,TMEM144,CBR1,NOS1,DDX60L,PPP1R9A-AS1,CPB2-AS1,ZFHX4-AS1,LINC01630
89,PTPRC,LOC101927745,PLD1,LOC102724768,DISC1,LPAR6,PLA2G4A,LINC01630,PACRG-AS3,MITF,PGM5,SHISA6,TGFBR1,SLC16A1,MYT1,DPP10-AS3,NRXN1-DT,MT1M,ELOVL7,SEMA3C,MTUS1,CFAP418-AS1,HOXB-AS1,CD163L1
90,MGC4859,ERBB4,EYS,GRAMD2B,CPED1,HSPB8,TRPC3,NKD1,LINC01090,CPQ,SAT1,KCNQ1,SLC7A11,EYS,GLIS3,MYT1,LINC01265,ERBIN,TFRC,ERBIN,RIN3,TP53TG5,SLC1A3,NAMPT
91,GNA14,SH3TC1,KIAA1217,CAPN3,ITGA8,ADAMTSL1,CPB2,AOAH,TRPC3,STARD13-AS,SPON1,LINC01877,NTN1,ZNRF3,RBPMS,ACSS3,OSMR,GALNT15,CPB2,SAMMSON,LOC105371366,CNR1,PCDH15,SRGAP2
92,LOC101927560,FGD2,LOC124903183,CRYAB,DLC1,NKX6-2,DBNDD2,ELMO1,MGST1,SLC16A1,MGST1,SCHLAP1,KCNQ1,CHRM2,DDR2,CLDND1,ABCA1,HIPK2,RIN3,DACH2,SEMA6A-AS1,DLEU1,IPO9-AS1,NEK3
93,SPI1,IER3,GLIS3,UACA,SP100,TENT5A,IL18,ELMO1-AS1,COL25A1,AASS,TRIM22,MOBP,GNA14-AS1,RUBCNL,CCK,ELOVL7,LOC101928651,PDE3A,BCHE,LINC00299,ALK,LINC01416,PGM5,RYR3
94,EDA,PRKCQ,LINC01630,PTAFR,SLC2A3,ACVRL1,SLC25A13,MITF,RBPMS,IPCEF1,LOC107985126,LMCD1-AS1,LINC01876,FGF13,TGFB1,MGAM,CARD8,TFRC,FAM222A-AS1,TENT5A,SLC25A13,LDLRAD3,SHOC1,MGST1
95,HHIP,RHBDF2,SLC25A13,PROX1-AS1,TGFB1,ANO2,ZNF98,STARD13-AS,FAM149A,PDE8A,TTN,HIF1A-AS3,HIF1A-AS3,PIP4K2A,IL1R1,IQGAP2,LINC02798,RBPMS,PLEKHH1,B3GNT5,SLC27A6,SHOC1,NEK3,FTL
96,ITGB4,HSPB1,XYLT1,LOC105375483,RNASET2,SAMD4A,NPSR1-AS1,ELOVL7,CPQ,B3GNT5,TRPC3,CPVL,PCED1B,HHATL,LOC105371366,KIAA1217,CA8,MARCKSL1,LOC105378311,FGF13,SGO1-AS1,TENM1,AGA-DT,GNB4
97,LINC01876,BIN2,AKAP13,DAAM2,RASGRP3,HSPA1B,TFRC,PIP4K2A,TACR1,PLPP4,LINC01630,KMO,DTHD1,ADCY7,CPB2,FCRL5,DOCK10,ABCA2,GNB4,CCL19,PAICS,DISC1FP1,ADAMTS4,HIF3A
98,MEGF11,LINC01500,RERG,BCAS1,LINC02694,PCDH15,SLC7A11,CNR1,ELMO1,NCKAP5,ARHGAP25,C8orf34,LINC00299,SVEP1,HLA-C,SLC7A11,SHROOM4,TP53TG5,RIN2,HS3ST2,EDNRA,PRKCH,PIP4K2A,IL18
99,MYO5B,ITGB5,CARTPT,FGFR2,UTRN,CYP1B1,XYLT1,A2M,TMEM163,RERG,SMOC1,GLDN,ADIPOR2,GALNTL6,COL4A4,SV2C,PLP1,FGD4,ABTB3,PLPP3,ETS1,MTUS1,CYP27A1,KIAA1217
100,PLLP,H2BC4,CPB2,ROBO2,ITGB2,LINC00278,LOC613266,TNFRSF13B,SPHKAP,LINC02930,LINC01877,PDE7B-AS1,CARD8,LAMP2,CA2,TACR1,RHOJ,PALM2AKAP2,SDK1,LINC01416,ADGRG6,LINC00836,ANGPT1,SLC25A13
101,SPON1,PALD1,RNASET2,HIPK2,MAN2A1,MKRN3,LINC01876,AGBL1,NPSR1-AS1,HAPLN2,MYO1F,CBR1,SLC19A1,DBNDD2,PLTP,CDKN1C,DOCK5,PDE4B,MKRN3,LOC105377188,CFAP418-AS1,RPS6KA1,SOCS3,LOC613266
102,A2M,CD83,CFTR,LOC101927026,EMID1,ST18,LAMP2,SPATA22,L3MBTL4,NEDD9,SERPINB9,LAMP2,STEAP4,LDB3,ACSS3,NDUFA4L2,LOC105373170,PACRG-AS3,EPSTI1,CDKN2B-AS1,CLDND1,ALOX5,LOC728158,ADAMTS17
103,ENO4,TYMP,PRUNE2,NPL,PRKCH,NXN,AKAP13,ARHGEF26,ADIPOR2,PPFIBP2,MIR325HG,ACSS3,RPS6KA1,LINC00299,SLC44A1,LINC01505,LAMP2,HAPLN2,SRGAP2,CPB2,ZNF385D-AS2,TRIM59,TBC1D16,SLC26A5-AS1
104,GPC5,INPP5D,GALNT15,LOC124904701,RBPMS,HIF1A-AS3,KCNQ1,LINC00472,GNG12-AS1,RIN3,CABLES1,FAM149A,PKP2,PDZRN4,MGST1,SLC44A1,TMEM163,P2RY12,SPHKAP,PREX2,PTPRZ1,PAICS,MIR325HG,FAM222A-AS1
105,TGFBR1,LY96,LINC01876,PLLP,LOC101927745,EYA4,FGF13,FAM222A-AS1,SVIL,ATP8B4,NR4A3,SEMA6A-AS1,SGCZ,STK33,LPAR6,LOC105377448,A2M,SERPINB9,LINC01060,LMNTD1,SLC26A5-AS1,CHI3L2,TMEM51,SLC7A11
106,HS3ST5,B3GNT5,SUCLG2-DT,LINC02473,USP6NL,ABCC4,NCKAP1L,CTSC,LINC00298,ADIPOR2,MT1X,SLC44A1,KMO,LPAR6,ACSL1,B4GALT1,SLC1A3,MIR646HG,BCAN,PIP4K2A,IL18,SVIL,LINC02694,KIF26B
107,SRPX2,MRC1,PACRG-AS3,LOC101930421,ADGRD1,PLD5,MT3,MYO1F,CFAP418-AS1,PLEKHA7,PDGFB,NPAS3,SDK1,MIR3681HG,NOS1,CA2,SHOC1,MIR3667HG,TTN,LINC02930,TANC1,HDAC2-AS2,THBS2,HEPN1
108,TAGLN,LPAR6,COL4A1,ST18,CLIC4,ENPP2,FGF1,CP,LOC105373335,QDPR,PLEKHA7,LINC02930,LPAR6,CD36,ANGPT2,FPR3,ROR2,CT69,LURAP1L-AS1,P2RY14,FGD4,PHLDB1,SLC27A6,ARHGAP42
109,CPB2,LOC105376219,PAICS,LAMA2,SPI1,LOC283194,PTCHD4,CLDND1,RAB31,MYO1F,NKAIN3,NR4A3,PDE8A,THEMIS,PIP4K2A,TAGLN,ALDH1L1,ATP8B4,ADAMTS9,CLDND1,PDE7B-AS1,SLC24A3,ITPKB,KCNMB1
110,SAMD9L,NCKAP1L,ANO2,RNASE1,CLDND1,LINC01630,SLC2A3,RBPMS,LINC01876,NTN1,TMEM163,CALCRL,LDB3,LINC01630,MIR325HG,CP,SLC7A11,LINC00511,PCDH11Y,FBXL7,NEDD9,LRP4-AS1,PCSK6,LOC105373335
111,BMPR1B,LPAR1,FN1,VWF,TP53TG5,VRK2,LINC01482,PLEKHA7,MBP,SLC25A13,OLR1,ACSL1,PLEKHA7,CYTH4,TMTC2,ZNRF3,MYO16,PLPP4,QDPR,NR4A3,FAM222A-AS1,EYS,TMEM144,LOC101927745
112,PLD5,IL1B,MEGF11,ADAMTS4,LOC105377448,CALCRL,MOBP,LINC00298,TLL1,PHLPP1,PACRG-AS3,SLC4A4,MEGF11,LINC01470,HIF1A-AS3,HDAC2-AS2,SLC25A13,CLDN11,LAMP2,CFAP47,ZBTB20,FAM20A,PHF21B,LINC03048
113,TNS1,ALPK1,HIF1A-AS3,PLPP3,PGM5,LINC01608,NAMPT,PRKCQ,SLAIN1,LY86,ALK,GPR37,PLD5,LINC00924,CLIC4,LINC01374,SPI1,SLC16A12,SLC24A3,LOC613266,ENTREP1,CMTM8,LOC124903183,ADAMTS6
114,SLC2A5,STAB1,IL18,CDH23,LINC00639,DHRS3,ADGRG1,HIP1,LINC02008,PARD3,RIN2,PAICS,FPR3,LNC-LBCS,PDE1C,WWTR1,DOCK2,COL25A1,PLPP4,SLC7A5,ADAMTSL1,TENT5A,C10orf90,PHLPP1
115,LYN,BACH1,HAPLN2,LOC728158,SRGN,SHOC1,RIN3,EYA4,COL21A1,CTSC,SLC4A4,TRPM3,GNA14,SUCLG2-DT,SLC2A1,STEAP4,LINC00298,MYO5B,FGF13,RFX4,LINC01505,LINC00276,LOC105369147,MCTP2
116,DLEU1,P2RY12,LINC01748,FIRRE,SLC22A3,ACSS3,ERBIN,SULF2,CDKN1C,IL18,FN1,LOC613266,LINC01088,LINC02328,HYCC1,VCAN,TIMP1,AGBL1,GAD2,NRXN1-DT,ENPP2,AOAH,CTXND1,SLC2A3
117,TMEM176B,STON2,ST6GAL1,ABCA8,NOS1,LYN,LYVE1,FREM2,CHI3L1,ADAMTS9,SNTB1,CFTR,CAPN3,PLEKHA7,CTSC,SLC11A1,SERPINA3,SVEP1,RGS5,ADAMTSL1,ANOS1,LINC01687,PLXDC2,DISP1
118,TMEM98,TMEM176B,FAXDC2,SLC6A12-AS1,HAPLN2,SH3TC2,CHRM5,MT1X,FN1,ENOX2,ZNRF3,PGM5,LAMA2,RAB31,MTUS1,GPR183,ITGA1,CLCA4,LRRC1,PDE8A,TAGLN,GNG12-AS1,SLC25A13,EYS
119,HIF1A-AS3,TFEB,MOBP,LINC01877,CPB2,EFEMP1,HDAC2-AS2,IRF8,LOC105378311,FPR3,UST,NDUFA4L2,PREX1,AKAP13,LINC03002,ISM1,NEK3,CP,CFTR,LINC02882,MYO10,S100A10,TNS3,CFAP418-AS1
120,GABRE,ITGAL,SLC7A11,GPR37L1,ADAMTS6,SEMA5A,ENTPD1,FN1,KMO,LAMA2,LNC-LBCS,ERBIN,LINC02232,LAMA4,ABTB3,LINC01091,PDE8A,PHLDB1,SLC16A1,MKRN3,TNFSF15,FCRL5,CD44,RUBCNL
121,CAPN3,S100A9,LINC01091,CD9,SLC2A5,ELOVL7,PRKCH,PGM5,ADAM28,ERBIN,TES,WWTR1,MOBP,DPP10,LOC105378311,CYP1B1,FBN2,NXPH2,FAM114A1,B4GALT1,DLEU1,LOC105371366,NOTCH3,BMP2K
122,TENT5A,COL15A1,LINC02232,CECR2,LINC02055,SLC6A20,ZBTB20-AS5,ARHGAP22,LAMP2,PDE4B,HAPLN2,SP110,FN1,ERG,NXPH2,EYS,ADIPOR2,WWTR1,EMC10,PLP1,ADAMTS6,IL1RAPL2,EMCN,LHFPL3-AS1
123,PLSCR4,C3,EMCN,LINC02882,OSMR,KCNMB1,CPQ,MYO16,PCDH11Y,CFTR,TF,MYO5B,ATP10A,CEMIP,MMD2,SIGLEC1,TNS1,MSN,LINC02694,ACSS1,LOC101927745,HIF1A-AS3,SPATA22,FPR3
124,TMTC2,TNS3,TRAF3IP3,ACSBG1,ENG,ELMO1-AS1,NTN1,ENTREP1,TGFBR1,HIF1A-AS3,USP53,LOC105371366,RASGRP3,MT3,TGFB2,CFAP418-AS1,MATN1,ATP11C,FGF1,ADGRL4,CFTR,CHODL,FBLN1,USP6NL
125,AGA-DT,LHFPL2,CLDND1,CR1,WAKMAR2,TNFAIP8,FPR3,CTSZ,LOC613266,ADAM12,PLD1,GALNT15,SLCO2B1,MYO5B,CHST9,PACRG-AS3,MROCKI,PCED1B,KAT2B,GNA14-AS1,SLC2A3,SCN10A,LNCAROD,LRP4-AS1
126,TMEM51,MYO5B,ADIPOR2,COL9A2,UCP2,ICAM2,SEMA5A,SLAIN1,CMTM8,KAT2B,ENTPD1,ADAM28,PARP4,ITGA1,NCKAP5,ELMO1-AS1,TM4SF1,ATP10B,PLSCR1,MIR646HG,LPAR6,EDNRA,MEGF10,LOC124903183
127,C10orf90,SRGN,LINC02649,PON2,PLEKHA7,TCF7L1,PDE4B,CYBB,HAPLN2,GALNT15,ARHGAP6,LOC107985126,TGFB1,CFAP418-AS1,VCAN-AS1,TFRC,SAMD4A,SYT6,LOC105370315,LOC105369147,ATP13A4,SLC6A13,SLC24A3,TMEM144
128,VCAN-AS1,ZNRF3,A2M,IFNG-AS1,FGD4,MIR646HG,SERPINB9,PPP1R3C,TCF7L1,LOC105373335,TMEM144,MBNL3,TRPC3,TLL1,HDAC2-AS2,SLC2A3,CPB2,GGT5,CTSC,HLA-C,LAMP2,PALM2AKAP2,CMTM7,SVIL
129,ZFHX3,PIK3AP1,TFRC,CEMIP,ARHGAP24,MT3,LOC105373335,TAFA4,PIP4K2A,CABLES1,FOXP2,LOC105370315,USP53,LOC105370315,FAM149A,CIITA,KMO,PKP2,COL25A1,PHYHD1,MARCKSL1,SRGAP1,PTN,LINC02240
130,MMD2,WDFY4,COL25A1,ELMO1-AS1,ERBIN,PRELID2,BTG2,LOC101927026,EGLN3,LNC-LBCS,TLR6,PLPPR1,LAMP2,PDE8A,MARCKSL1,EGLN3,KCNQ1,TMEM144,ADAMTS9-AS2,HHIP,ADIPOR2,LINC02649,ACSBG1,EDNRA
131,DSEL-AS1,PLP1,LOC613266,MEIS1,CTNNA3,HIF3A,PLSCR1,LMCD1-AS1,CHRM5,NCKAP1L,FGF1,PLD1,SULF2,ATP10B,PAICS,CMTM8,CRYBG3,ENPP2,LOC105371366,WNT5A,RPS6KA1,NDE1,LMCD1-AS1,CD55
132,FBXL7,CHST11,SVIL,LOC101927745,P2RY12,FGD4,ACSL1,MT3,GNA14,ACSS3,BMP2K,RCSD1,DSEL-AS1,FAM149A,NRXN1-DT,LINC03048,RASGEF1C,LOC105378311,ATP13A4,ACACB,NEK3,PDE1C,GRIN2C,LOC105378311
133,PRDM16-DT,TNF,ADGRV1,CT69,DISC1FP1,CFTR,ELMO1,GPR183,RASGRP3,SLC35F4,LMNTD1,BBOX1,IL18,PACRG-AS3,ABCB1,LOC105373335,GALNTL6,CMTM7,CHRM5,IPO9-AS1,TIMP3,RNF152,CECR2,LRIG1
134,MGST1,MYO1F,PRELID2,LURAP1L-AS1,DBNDD2,MROCKI,HAPLN2,LOC101928651,CLDND1,LOC105371366,NDUFA4L2,SOCS6,HILPDA,MAN2A1,LINC02649,TBC1D16,NPL,LINC01500,WDR49,EYA1,MEGF11,BEST3,FIRRE,DBNDD2
135,ARHGAP24,H2BC7,KCNN3,AIF1L,PRRX1,LTBP1,CP,SELE,SUCLG2-DT,EYA4,CYTH4,LINC01470,PALM2AKAP2,HS3ST5,EFHD1,AOAH,RGS16,AASS,RBPMS,MYO1F,NDUFA4L2,CTSC,SEMA3C,RNASET2
136,MT1M,LINC02742,KMO,AGT,NDUFA4L2,C10orf90,PAMR1,P2RY12,SUCLG2,NKAIN3,ATF3,F13A1,LINC02328,COL9A1,FGD4,ENTPD1,CNR1,TBC1D16,BEST3,TRG-AS1,DPP10-AS3,ENTPD1,ACACB,CP
137,LINC02328,PDK4,TCF7L1,TSPAN15,COL4A1,LINC01088,NTNG1,NCKAP1L,PARP4,TRPC3,CREB5,KIAA1217,PGM5,TGFB1,NEDD9,SPI1,GAB3,PLA1A,ADAMTS6,KAT2B,MID1,ATP8B4,TLR5,SLC24A3
138,ABTB3,SOCS3,PCA3,SLC1A3,TNS1,HOXB3,BHLHE41,PALD1,SLC25A13,MEGF11,PTCHD4,CDKN1C,CHRM5,NPAS3,TTN,ITGA6,SLC2A3,HLA-DRB1,DDX60L,TLR6,GLDN,TACR1,JAML,WWTR1
139,MUSK,LOC105377862,SLC44A1,CFAP418-AS1,CFTR,BLNK,TBC1D16,HIF1A-AS3,SPON1,PLEKHH1,SPATA22,LINC01931,SRGAP2,THSD7B,ERBIN,LRIG1,CD9,PPP1R9A-AS1,PPP1R9A-AS1,FAM149A,NAMPT,PDE7B-AS1,MX2,SOX10
140,CEMIP,KCNK13,HDAC2-AS2,LINC01931,DOCK10,SOX18,PDGFB,UST,PLCH1,ADGRV1,SH3BP4,ABCC9,ELMO1-AS1,KCNQ1,HSPA1B,TP53TG5,MARCHF3,PTN,ABCC4,RIN3,HTR2C,FN1,PALM2AKAP2,PLCH1
141,MEIS1,MILR1,LAMP2,CHODL,HPSE2,CASP10,HIF1A,RFX4,PDE4B,ELOVL7,PHLPP1,OLR1,GPR183,PGM5,LOC101927026,MYO5B,LINC02328,LUZP2,SVIL,LOC105378311,THSD7A,PACRG-AS3,SH3BP4,EMC10
142,IPCEF1,SIGLEC11,MIR646HG,SEMA6A,NOTCH2,BMP2K,ST6GAL1,PCAT1,PLEKHH1,LOC613266,LINC02057,RIPOR3,PACRG-AS3,KCNIP1,DISC1FP1,FREM2,KIF26B,HSPA1B,LOC105373335,ADIRF,PGM5,LDB3,HDAC2-AS2,VCAN-AS1
143,CD55,CD300A,RGS12,SLC1A3-AS1,ZNRF3,LMO2,B4GALT1,NID1,NCKAP1L,LOC105378311,PMP22,GPR183,SLC25A13,LINC01931,NDNF,PSD2,SEMA6A-AS1,SEMA5A,HS3ST2,UCP2,HLA-A,LOC101927745,KAT2B,CD83
144,SVIL,ENO4,GRIK1,MTUS1,TREM2,AQP1,VEGFA,LINC00511,SPI1,TFRC,LINC02008,FGF1,HIPK2,CDK18,LRIG1,SVIL,MIR646HG,MGAM,LINC01482,LHFPL3-AS1,QDPR,LPAR6,FGD4,SLC9A9
145,ADAMTS9,FLVCR2,S100A10,CDKN2B-AS1,ENOX2,SHROOM4,TMEM144,ASPA,MYO1F,PIP4K2A,LPAR6,NAMPT,ALOX5,LINC01821,A2M,RGS20,GNG12-AS1,DISC1,TMEM144,AGMO,ADAMTS17,EYA2,ERBB3,ADAM12
146,LOC105370532,S100Z,ARHGEF26,PARP4,LPCAT2,COL4A4,THEMIS,MBNL3,SLC16A1,RASGRP3,CMTM8,BTG2,C8orf34,LOC124903183,RIN3,RASGRP3,SLC39A12,RYR3,ZNF385D-AS2,PIEZO2,CD83,SULF2,COLEC12,MAN2A1
147,CST3,RGS16,PLEKHA7,LINC02328,ADAMTS9-AS2,KIF26B,ANKRD37,LINC01374,NPAS3,RNASET2,XRCC4,ENO4,HLA-DQA1,LINC00298,VEGFA,NOS1,ATP1B2,MYO1F,PDE4B,IL18,SUCLG2,COBLL1,BEST1,PLEKHH1
148,NID1,H2AC19,CREB5,AASS,IL18,SLC35D2,TANC1,CRYBG3,ANGPT1,A2M,CPB2,ELOVL7,ADAM12,PLD1,IL18,PRUNE2,UTRN,ACSS1,ELMO1-AS1,LOC105377448,EMC10,TFEB,FBN2,SLC25A48
149,LOC102724289,SLCO2B1,CDH23,KIAA1755,MOG,FAT4,HLA-DRB1,CPB2,PDE7B-AS1,DISC1FP1,GPR183,ELMO1-AS1,NCKAP1L,FGD4,CT69,LOC101927026,CYSLTR2,ABCC4,LINC01876,CAPN3,PNOC,CMTM7,TMEM273,PACRG-AS3
150,RAD51B,FIRRE,FPR3,MYH11,LAIR1,CTSC,CD163L1,LINC02328,MERTK,TRAF3IP3,ELOVL7,LRP4-AS1,HDAC2-AS2,LOC107984203,CPB2-AS1,RNASET2,PARP14,LAMA2,USP6NL,ADAP2,MYT1,EPB42,CFAP418-AS1,PARD3
151,JUNB,CYSLTR1,NRXN1-DT,ADAP2,LPAR6,CARD8,SVEP1,GNB4,LYVE1,TLR6,SUCLG2,JUNB,NPL,MITF,ST6GAL1,KAT2B,ANGPT2,PSTPIP2,PRKCH,RNASE1,CYP1B1,ERMN,PKP2,PAICS
152,TMEM165,SAT1,SYNPR,ACACB,LDB3,COBLL1,BCAN,ST6GALNAC3,RUBCNL,SDK1,LOC101927026,PDGFB,TRAF3IP3,PLPP4,PHLDB1,LINC02930,DISC1,NR2F2-AS1,CDKN2B-AS1,HAPLN2,DLC1,MEIS1,GNG12-AS1,GAD2
153,ANGPTL4,P2RY14,MIR4300HG,TTN,PAMR1,CTXND1,ALOX5,SLC7A14-AS1,TRAF3IP3,CLMN,PROX1-AS1,SELE,PCSK5,DHRS9,CLDND1,SAMD4A,TRPC3,PNOC,PDE1C,SPATA13,TMEM132C,ADGRG6,LAMA1,CARD11
154,PAPLN,LINC02263,ZNF98,FGD4,LOC105373335,CHODL,PDGFRB,COL25A1,PTPRZ1,RIN2,PIP4K2A,WDR49,CIITA,QDPR,EYS,LPAR6,PLEKHH1,ANOS1,LHFPL3-AS1,NPL,FLT1,SLC6A20,TLR4,DCN
155,SEMA6A,CERNA2,NEDD9,ROR1,LINC02328,PDGFRB,RUBCNL,LTBP2,PDZRN4,WDR49,TMEM51,SLC25A13,CP,SLC25A13,AASS,ABCC4,AKAP13,FN1,DISC1FP1,LINC00924,ACSL1,ADAM12,CIITA,NR4A3
156,FCER1G,PLEK,CHRM5,RNF220,LINC01876,ADGRG6,CBR1,SLC25A13,NR4A3,HGF,LINC02232,LOC101927026,MBNL3,EGLN3,SEMA6A-AS1,IL18,LINC02882,CCL3L1,STK33,PARP4,LINC02328,SLC7A14-AS1,STK33,SAMD4A
157,SULF2,ABCC4,CD55,A2M,PECAM1,SMAD6,SCHLAP1,SPON1,KAT2B,CFAP418-AS1,RAB31,HIGD1B,DISC1,LINC01748,LRRC1,ELF1,C5orf64,HIGD1B,CMTM7,XRCC4,STK32B,SKAP1,KIF6,HLA-C
158,LINC02930,SIGLEC7,LOC107985126,LINC03002,SAMD4A,CD9,SELE,NFATC2,RIN3,LYVE1,LDB3,NEDD9,PHLPP1,RAD51B,COL4A1,SLC7A2,LOC105377188,CFTR,CTXND1,CALB2,RNF125,TGFBR1,C5orf64,PTN
159,CASP10,SPP1,EGLN3,SLAIN1,VRK2,DOCK10,PLEKHH1,ADGRV1,CP,XRCC4,SCHLAP1,SEMA5A,TACR1,SAMD4A,PHLPP1,TF,LOC102546299,TYMP,SOCS6,LINC00463,ARHGAP42,B3GNT5,DSEL-AS1,TRAF3IP3
160,TACR1,ATF3,PDLIM5,SEMA6A-AS1,CCDC200,FGR,IRAG1,DDR2,MBNL3,GSN,SVEP1,PLEKHA7,PIK3CG,GLDN,SLC6A13,HIF1A-AS3,STARD13-AS,CLDND1,LINC03048,FRMD4B,EPSTI1,LOC101927314,CEMIP,RIN3
161,UST,NXPH1,CIITA,SEMA3C,GEM,COL4A5,MARCKSL1,LINC02899,TMEM144,CALCRL,MATN1,ALK,ADAMTS17,PRR18,ATP1B2,LINC02263,ELOVL7,LOC101930421,SPI1,WAKMAR2,STARD13-AS,ABTB3,PLD1,LUZP2
162,LINC00320,IL17RA,LOC105370315,WAKMAR2,BMP2K,SAMD9L,ADIPOR2,CFAP47,COBLL1,SLC11A1,LINC01505,BLNK,SP110,SLC7A11,CFAP418-AS1,TGFBR1,SEMA5A,IFI44,PLEKHG3,LOC105370315,EYA4,LAMA3,CCN1,TAGLN
163,LOC101927745,LINC02649,TYMP,PSD2,STARD13-AS,TRGC1,DLC1,CACHD1,MIR3667HG,HLA-DRB1,CARD11,ZNRF3,ABCC4,OTULINL,SLC7A5,CD55,ADAMTS9-AS2,TLR6,TYMP,LRRC1,ABCB1,SEMA6A-AS1,DLEU1,SEMA5A
164,LOC102546299,SAMSN1,ITPR2,SLCO1B1,HIF1A-AS3,COL6A3,H2BC18,LINC01482,TNS1,LHCGR,TRPS1,SUCLG2-DT,ARHGAP25,NEDD9,TMEM51,ROR2,RGR,CA2,LINC01470,LINC02328,ANGPT2,FOLH1,IPCEF1,PHLDB1
165,PLD1,GRIK1,TAGLN,LRIG1,HHATL,VWF,ENO4,TOP2A,THEMIS,PCED1B,PDZRN4,LOC105373335,PAICS,CRYBG3,CYBRD1,NTN1,HTR2C,SLC16A1,LOC102546299,SLC52A3,TMEM51,SERPINB9,MTUS1,C8orf34
166,MYO1F,UCP2,LOC105377448,TMEM144,SASH3,CRYBG3,L3MBTL4,MAML2,ROBO2,F13A1,LINC01374,CEMIP,MYO5B,EMC10,LINC02172,H2BC18,RASSF8,SLC19A1,A2M,MIR325HG,CTSC,HSPA1B,LINC01411,PRKCH
167,PCDH15,PLD1,LINC01505,MYO15B,TGFB2,LINC01931,SLC35F4,LINC01748,LINC01748,SLC7A14-AS1,LOC107984203,ARHGAP15,SAMD4A,LINC02008,WDR49,ACSS1,ABCC4,S100A8,HIF1A,VAV3,ADAMTS9-AS2,LTC4S,ADAMTSL1,PCSK5
168,RMST,CSF2RA,KCNQ1,LINC01060,LINC02232,PCDH11Y,ETS1,ABCC4,LINC02694,RNF125,RYR3,EDN1,ACSL1,KMO,ADAM12,CARTPT,TMTC2,LINC01010,MGST1,CALCRL,DENND3,UTRN,LOC101929626,PSD2
169,THSD4,LOC105376244,LOC105373335,ADAMTS17,CYP27A1,KIAA1755,LOC101927026,S100A10,SGCZ,LINC01179,RNF152,HHATL,LOC107985126,MYT1,PCSK6,FN1,NR2F2-AS1,ST6GAL1,COL4A1,CTXND1,LOC101927026,IL18,PRUNE2,ELOVL7
170,EMX2OS,SFMBT2,VWF,CDH1,POSTN,ADIRF,LINC03048,MFAP4,NAMPT,CARD8,LINC01500,CYSLTR2,FREM2,LINC01500,FGF1,USP6NL,VAV3,HLA-A,ALDH1L1,TBC1D16,LOC105373335,IRAK3,PLP1,LINC00299
171,DISC1,SEMA6A,TPRG1,ABI3BP,HHIP,EPSTI1,TACR1,NR4A3,ALK,MARCKSL1,SLC7A5,CPQ,HPN-AS1,LOC101927314,KAT2B,SRGAP2,HS3ST5,LINC02930,DAAM2,ABCA1,DPYD-AS1,LOC105378311,MYO15B,SUCLG2-DT
172,HHATL,VSIG4,LINC01482,MCAM,B3GNT5,CYTH4,LUCAT1,RIN3,F13A1,ALDH1A1,NWD1,ST6GAL1,THEMIS,SRGAP2B,CASP10,MT3,IL18,ENOX2,LINC01931,HIF1A-AS3,CTSZ,PIP4K2A,NDST4,NLRC5
173,LRMDA,TANC1,SELE,TLL1,TAC1,CPVL,NEDD9,TGFB1,PDGFRB,CDC14A,NPFFR2,NPL,TYMP,COL25A1,CEMIP,NEK3,ABTB3,ADAMTS18,ELF1,BTG2,BMP2K,PLEKHH1,SLC2A1,LDB3
174,IGHG3,DHRS9,LINC01411,ENTREP1,TAL1,EMID1,SRGAP2,MIR3667HG,LUCAT1,SEMA5A,LINC02694,SLC16A9,TBC1D16,ATP13A4,NKAIN3,CEMIP,HSPA1B,SLC1A2,TRPC3,KLRF1,LOC613266,ACSL1,LOC105376244,LINC00511
175,CDKN2B-AS1,PLCE1,TRPC6,GSN,CMTM7,TYMP,LHCGR,TMEM71,SLC1A2,CEMIP,CBR1,ZBTB20-AS5,LINC03048,AGBL1,PLCH1,HS3ST4,GLIS3,SUCLG2,DLC1,NKAIN3,SCD,SLC19A1,LINC02232,PROX1-AS1
176,LAMA1,SUCLG2,GPR183,SOX6,ELMO1-AS1,MIR325HG,LINC01630,ROBO2,FPR3,VRK2,PELI1,MX2,SHISA8,GALNT15,USP6NL,PLEKHG3,TRIM56,ADAM33,SVEP1,LMO2,ACSS3,LHFPL3-AS1,TGM2,SVEP1
177,TRPC3,IPO9-AS1,LINC00276,ZFHX3,ST6GAL1,LTC4S,CIITA,ANOS1,GPR183,FAM149A,SKAP1,TRAF3IP3,CLDND1,ENPP2,NDUFA4L2,MARCKSL1,LRMDA,SPTLC3,HAPLN2,CFAP418-AS1,HAPLN2,CLDND1,PCDH9-AS2,HYCC1
178,HEPACAM,IL21R,MYO1F,DISC1,HISLA,MAP3K8,LOC101927745,KCNK13,CCK,LOC728158,GLIS3,CYSLTR1,EDA,KCNK13,SLC7A14-AS1,MTUS1,STOM,TMEM123,SLC7A11,IL1RAPL2,CD163L1,SEMA6A,CPAMD8,ST6GAL1
179,ARHGAP22,CR1,C8orf34,TMEM235,EBI3,CNKSR3,LDB3,FERMT1,SYNPR,B4GALT1,HSPB8,ADAM12,LINC02649,XRCC4,LINC00511,WDR49,LINC00472,NFATC2,PAMR1,NDST4,DCN,TTN,NOTCH2,SIGLEC1
180,CYP27A1,SVEP1,FAM20A,IPCEF1,PDE1C,ID3,SPON1,LOC613266,LOC100506474,THBS2,ABCA1,TRPC3,LOC101926964,NPL,GPR183,HLA-DRB1,MROH9,LRP4-AS1,MSR1,CD82,KCNIP1,TPRG1,ENTREP1,IRAG1
181,MBNL3,KLF2,CYSLTR1,UCP2,LINC01090,TP53TG5,HIPK2,CBR1,PLD1,TF,LINC02999,NDRG1,LOC613266,WWTR1,BMP7,PAMR1,MGST1,LOC105377448,SCD,SEMA6A-AS1,SPI1,ADGRL4,CCDC26,PDE4B
182,SLC16A9,TLL1,LINC02008,MYO1E,ITK,PCED1B,TRAF3IP3,CARTPT,NKAIN3,LINC01416,LINC00298,ATP8B4,FAM149A,HS3ST2,ZNRF3,NPL,SLCO1B1,CFAP47,P2RY12,FPR3,CD55,ZNF385D,LIF,TENT5A
183,OSMR,RAB31,SPI1,CDKN1A,PRR5L,PLCE1,GPR183,MATN1,LDLRAD3,LINC00472,LOC100507336,TFRC,DOCK2,LINC01179,FGF13,ETNPPL,PAMR1,LINC03048,TAGLN,ENOX2,SGCZ,LOC101930421,LINC01090,ATP8B4
184,TGFB1,CPB2-AS1,KAT2B,LOC101927948,HIPK2,NKD1,HSPA1A,ABI3BP,SERPINB9,TLR10,PHLDB1,ARHGEF26,CPQ,GPR37,ROR2,RHOJ,THSD7B,CTSZ,LPCAT2,LINC02240,FGD3,H2BC4,ACSS3,ZNF385D-AS2
185,EPAS1,CHD7,UST,HHIP,SOX10,SGCZ,FAXDC2,SLC2A1,C8orf34,P2RY12,NAMPT,MT3,CD4,DOCK10,ACACB,DBNDD2,RNF125,SAT1,ADAM12,CA2,RFX4,ARHGAP24,ST8SIA6,GPR183
186,C8orf34,DISP1,ATP8B4,GRIN2C,LINC01505,LINC01748,LINC01060,IL1R1,RANBP3L,ANXA3,SUCLG2-DT,CCDC200,SLC44A1,ZBTB20-AS5,NTN1,PDGFB,CNKSR3,HHATL,DENND3,CPNE2,ABCC4,FREM2,GPR65,RASGRP3
187,TTYH2,MIR223HG,NTN1,ARHGAP30,SLC7A2,TBX15,LAMA3,BCL6,ENTREP1,CTSZ,ANOS1,CCDC26,ADAMTS14,LRP4-AS1,MGC4859,RUNX2,HEY2-AS1,PRIMA1,CYP1B1,HSPA1B,SHISA6,ADIRF,PDGFRB,EFEMP1
188,FIRRE,LILRB1,LRIG1,PDLIM1,SUCLG2,TM4SF1,PTGS1,NEDD9,WDR49,NPSR1-AS1,MT3,LOC101927745,FAM20A,CTXND1,LINC02930,RPS6KA1,PDE3A,AZGP1,MARCHF3,SGCZ,SIGLEC1,HPSE2,SRGN,ERBIN
189,DBNDD2,S100B,PGM5,LINC02642,CPB2-AS1,CLEC5A,KIF26B,USP53,SAMD4A,LPAR6,EMID1,LINC01091,FAM114A1,XYLT1,LOC105374524,HIF1A,PRKCQ,CR1,FBN2,STK32A,PPFIBP2,HSPA2,RMST,AASS
190,ID3,OAF,BACH1,PDGFD,MYO1F,FMO2,PGM5,LOC107984203,WDFY4,PNOC,LYN,EGLN3,PALD1,KLRF1,PLIN5,TMEM176B,GNA14-AS1,EYS,FLT1,SOCS6,SLC16A1,LAMA4,PLAAT3,NOSTRIN
191,TIMP3,NIBAN1,NPL,ANO2,DLEU1,TNFRSF11B,PRUNE2,CDKN1C,ST6GALNAC3,NPL,CTSZ,LOC100506474,MATN1,LINC00276,ITM2A,ARHGAP45,LHFPL2,LOC124903183,CD163L1,UTRN,EYA2,AKAP13,ABCA1,SPON1
192,HEY2-AS1,H2AC6,TACR1,SAMMSON,PITPNC1,LMNTD1,XRCC4,DPP10,SOX10,LINC03069,PCDH15,TNFRSF10B,ELOVL7,DIPK2B,CMTM8,LINC01876,MOG,EBI3,GPR183,ADIPOR2,RBPMS,ACSS3,S100A8,DISC1FP1
193,LPAR6,PSTPIP2,DDR2,TBC1D16,DPYD-AS1,LOC101927560,LDLRAD3,PARD3,KCNIP1,CBR1,SLC16A1,NCKAP1L,HYCC1,GNB4,ATP11C,ELMO1,LINC01090,XRCC4,PRRX1,ITGA2,HIF1A-AS3,XYLT1,LPAR6,DOCK1
194,LINC01931,BEST1,LINC02328,ZNF98,TACR1,IFITM3,GLDN,SSPN,PDGFB,LOC105370315,SLAIN1,TAGLN,MARCHF3,IL18,LINC01411,CD69,LINC00511,RASAL3,NTN1,KCNQ1,DDX60L,CPVL,CLEC9A,CD36
195,CALCRL,CDH23,LINC03048,ADGRG1,CD96,S100A9,CTSZ,CEMIP,CTSC,ENG,USP6NL,LOC105377862,WWTR1,TNFRSF11B,SLC2A3,COL25A1,LOC102724289,GLDN,ATP8B4,NEK3,PDE4B,NRXN1-DT,ST6GALNAC3,CIITA
196,PPP1R3C,H1-3,ELF1,FAXDC2,FAM149A,SDK1,LINC02263,SEPTIN4-AS1,MARCKSL1,ADAMTS6,PALD1,FAXDC2,FGF1,SLC16A9,RNASET2,GLDN,PTCHD4,TRPC3,FAM20A,RYR3,TENT5A,HLA-A,CREB5,SOCS6
197,NHSL1,UST,FGF13,IFI16,CPM,UGT8,PLD1,NPSR1-AS1,LINC02328,LOC105370532,DISP1,SEMA6A,FOXP2,SHISA6,ZFHX3,A2M,HLA-DMB,SLC11A1,TLR1,SST,A2M,NOS1,ARHGAP15,CPVL
198,WIPF1,H2BC11,PALD1,ALK,GPR37,CRYAB,KCNN3,SIGLEC1,ADAM12,CD4,AQP4,S100A10,SVEP1,COL4A1,ENO4,IER3,ZNRF3,EPAS1,RNF125,TGFB1,DDR2,LINC02930,CD14,TMEM123
199,NDST4,FAM177B,CMTM7,LOC105373170,RHBDF2,CHI3L1,LINC01090,CMTM7,COL4A1,BAG3,FAM114A1,SOX10,PTGS1,LINC01505,AOAH,SLC1A5,TANC1,OLR1,HGF,EYA2,ATF3,PLTP,BNC2,ANKRD44
200,PLSCR1,LOC102724289,SLC6A13,SLC31A2,LINC00276,PLPP2,STARD13-AS,XYLT1,ADCY7,FAM114A1,BCAN,RASGRP3,OSMR,PTPRZ1,LHFPL3-AS1,RGS10,RYR3,PRELID2,NXPH2,RPS6KA1,DISC1FP1,BCHE,SAMD3,ATP10B
201,TNC,SIGLEC9,SIGLEC1,TMEM98,MAP3K8,B2M,SOX10,PNOC,SLC6A13,WWTR1,CP,DDR2,COL5A3,ADAM12,SAMD4A,BHLHE41,LDB3,NEDD9,PHF21B,ATP8B4,LINC02930,HTR2C,SGO1-AS1,SUCLG2
202,LOC105376244,ADIPOR2,LDLRAD3,COLEC12,TBX15,P2RY14,SLC44A1,DHRS9,LOC105374524,CMTM8,LINC01090,CHRM2,LHCGR,RIPOR3,MOBP,RASGEF1C,SLC2A5,MT3,TGFB2,LOC105373170,LINC02882,GPR34,PPFIBP2,NDST4
203,TLR2,ZBTB20-AS5,PWRN1,LOC102546299,LAMA4,ISM1,NRXN1-DT,GPRIN3,LINC01091,GPR183,TAC3,SINHCAF,ZFHX3,NPFFR2,TBC1D16,SLC25A13,COL15A1,ADIPOR2,MTUS1,LINC03013,LINC02798,RNF144B,COL9A1,DPYD-AS1
204,ACSS3,LINC01375,F13A1,LINC00351,SEMA6A-AS1,MEGF10,MIR3667HG,SV2C,STK33,SLC1A2,CYP1B1,ST6GALNAC3,EDN1,ERBB4,WWTR1,SLC6A13,DLC1,HPSE2,SLC27A6,ITGAL,GNLY,LINC00609,TRPC3,KCNH8
205,FREM2,HSPA6,HHATL,LTBP1,BHLHE41,LINC01060,SUCLG2-DT,LINC01931,COL5A3,LHFPL2,POLR2F,ALOX5,ITM2A,THBS1,MT3,ZBTB20-AS5,PLAAT3,LINC02882,SLC19A1,ALK,LOC105369147,GBP2,GLI3,NPL
206,PAX6-AS1,XRCC4,MYO5B,LINC01221,XRCC4,SCD,HISLA,PDE8A,PKP2,CD83,MYO5B,LINC01748,MAP3K8,SPATA22,STK33,PLEKHA7,SVIL,HMCN1,WWTR1,ALDH1A1,SLC16A9,MAN2A1,TCF7L1,NID1
207,LINC01630,LOC102546299,NPSR1-AS1,MT1E,CBR1,VAV3,RASGRP3,PLCH1,TFRC,LINC01877,FAXDC2,TYMP,HIF1A,LINC00463,CRYAB,TMEM144,TBC1D16,PSD2,PDE3A,ITGB2-AS1,NLRC5,GPR37,HIF3A,LOC105369147
208,FGF13,SLC7A7,GLDN,S100Z,NRXN1-DT,SLC35F4,TYMP,KMO,ACSL1,COL9A1,LINC02240,EPAS1,HGF,BTG2,CFTR,TSPAN15,RNF152,RGS20,SST,AKR1C2,BCHE,DHRS3,ADAP2,KAT2B
209,ZCCHC24,LOC107984203,CD96,PLP1,SLC31A2,PTCHD4,TMEM123,SLC27A6,RNASET2,MGAM,GNA14-AS1,SAMD4A,PCDH11Y,ADGRD1,SLC14A1,SYNPR,CARTPT,NDNF,ENTREP1,FGD3,PSTPIP2,TIE1,LY96,MYO5B
210,B3GNT5,HTR2C,ADAMTS9,TNS1,LURAP1L-AS1,AGT,CRH,LINC01446,ALOX5,PCED1B-AS1,LOC613266,KAT2B,LINC03069,LINC00472,NAMPT,FAM114A1,PARD3B,LYL1,CD55,GRIN3A,FERMT1,DEPP1,PLPPR1,LCP1
211,FN1,KLRF1,ZFHX3,LOC105373347,RGS5,PLEKHH1,LMO2,LINC01877,NPFFR2,TLR1,BBOX1,ADCY7,NDUFA4L2,PALD1,LINC02882,PGM5,LOC105373335,HLA-DOA,FGF2,PELI1,RERG,PAMR1,PLEKHH1,HDAC2-AS2
212,CD53,MBNL3,MMD2,TACR1,HMCN1,MUSK,STK33,SIGLEC10,MYO5B,SCD,ZNF366,NEK3,LY86,LGR5,FN1,LINC01090,SIGLEC1,SLC6A13,SULF2,TXNIP,IFI27,LINC00511,C1orf87,CTSC
213,MGAM,PCDH9-AS2,BBOX1,SLC16A1,CD83,CRIP1,LINC00298,NOSTRIN,SELE,ARHGEF26,LINC00276,MYO1F,IL18RAP,PDE3A,PDGFRA,GCNT2,GCNT2,MKRN3,TLL1,ENPP2,CHRNA7,RBPMS,ITGB4,GLIS3
214,SERPINB9,OTULINL,XRCC4,PDE4B,LNC-LBCS,PLAAT3,ZNRF3,LOC105373335,CNKSR3,TBC1D16,FGD2,CP,CHRNA7,ADAMTS18,TMEM144,CLIC4,STK32B,ZBTB20-AS5,LAMA4,L3MBTL4,IER3,LINC01445,KANK1,CEBPD
215,PHLDB1,PDE1C,ELMO1-AS1,DENND3,JUNB,IFI27,IPCEF1,LURAP1L-AS1,MOBP,BACH1,TRAF3IP3,PALD1,CD53,TAF11L14,KMO,PWRN1,EMC10,THBS1,ZNRF3,HILPDA,LINC01091,UCP2,VCAN-AS1,LOC105377448
216,SERPINE1,PLEKHG3,TF,FGD3,ABCC9,S100A10,ZBTB20,SIGLEC9,TMEM123,KIF26B,RHOU,HAPLN2,RIN2,ZNF804A,SLC11A1,SHISA8,MYT1,LAMA3,ZBTB20-AS5,BHLHE41,ERBB3,ABCC9,PARD3,DDX60L
217,MAN2A1,SERPINH1,CP,LINC01090,CRYBG3,ALOX5,RCSD1,CIITA,HLA-C,MORC1,SLC11A1,RGCC,KCNH8,BCHE,ADGRG6,LINC02057,PRR5L,CEMIP,SIGLEC1,HIF3A,EMID1,PAQR5,ACSS1,RAB31
218,CHRM5,SERPINB9,WDR49,BTG2,TLR1,LINC02263,HSPB8,SINHCAF,GLDN,TIMP3,CD55,LYVE1,ITPKB,ZNF385D-AS2,PDE7B-AS1,TIE1,IGHG1,LINC01090,MT3,BACH1,IL21R,S100B,IL32,CPQ
219,LY96,RGS10,ADCY7,RNF125,ITGA2,ROBO2,NDRG1,ACACB,GPC3,SIGLEC1,SLC25A13,CHRM5,EPAS1,GNA14-AS1,CHRNA7,GLI3,SLC6A12-AS1,CYP1B1,TBC1D16,IFNG-AS1,TASL,PLCH1,LDLRAD3,SYT6
220,CLDN11,KCNQ1,PLEKHH1,MBNL3,HS3ST2,ANKRD44,SIGLEC1,FGD2,GPR34,MS4A4A,NTN1,ISM1,CAVIN2,HLA-DQA1,CYP4F12,LINC00548,ADAMTS1,VCAN,RNF152,LPAR6,MT3,LOC613266,CDH19,ITM2A
221,HLA-E,LINC02240,ITM2A,MIR646HG,ADAM28,PDE1C,PARP4,MGP,CACNG5,ERBB3,CPVL,CIITA,PRAM1,HPN-AS1,DENND3,GALNT15,CA2,LYPD6,ANKRD37,ETS1,POLR2F,KCNQ1,PARP9,ACSL1
222,SELENOP,SGCZ,LINC02882,TRAF3IP3,SRGAP2B,PDE7B-AS1,SLC6A20,TRIM56,LINC02057,CDK18,RNF125,EBI3,SYNE2,COL4A4,CST3,NCKAP1L,USP6NL,CLIC3,SLC4A4,ANKRD44,CARTPT,BTK,LRIG1,ARHGEF26
223,AGT,GAB3,ZNF804B,PREX1,ARHGAP45,JCHAIN,SUCLG2,ENG,LINC01931,ZBTB20-AS5,ATP1A2,CNTN5,NHSL1,TRAF3IP3,PDK4,PLEKHH1,LINC01608,LOC105373170,TRAF3IP3,STARD13-AS,LINC02694,SLC26A5-AS1,FAM20A,B4GALT1
224,IFI44,ARHGAP25,SUCLG2,TGFB1,LOC105370315,SLC52A3,ELMO1-AS1,LINC00968,TTN,SYNPR,TM4SF1,LDB3,CBR1,DCN,ADAMTS4,OTULINL,FOS,TMIGD3,WNT5A,QDPR,AOAH,PLEKHA7,EFEMP1,RNF144B
225,MT1A,CNR1,PLPP4,SVIL,COL6A2,CCDC26,ADAM12,KCNN3,SCHLAP1,CAPN3,SPI1,GPC3,APBB1IP,SMOC1,GPR34,MGC4859,HES5,LINC02240,LOC107984203,LINC00298,CIITA,EMCN,MYOF,FAM149A
226,SLC1A2,LMO2,LDB3,IRAG1,RNF152,HEPACAM,EMC10,FAM149A,HIPK2,CRISPLD2,TRPM3,FGF13,LOC105373335,LRP2,PRUNE2,PTAFR,PITPNC1,MCTP2,STOM,ZBTB20-AS5,CPED1,GPRIN3,ADAM28,NDUFA4L2
227,RNF125,LST1,TMEM163,CALCRL,NTN1,MOG,KIAA1217,LYZ,FGF13,DISP1,CFTR,NTN1,IPCEF1,IRAG1,SHISA8,STK32B,LOC101927560,PHLPP1,BAG3,TP53TG5,SVIL,RIN2,TLL1,COL4A4
228,RGR,CD163L1,ETS1,PRAM1,LAMA3,TENM1,RNF220,LDLRAD3,ADGRD1,LINC02999,EPS8,AOAH,P2RY13,OBI1-AS1,XRCC4,RIN2,NWD1,LAIR1,CBR1,LOC100506474,ADAMTS18,KIF6,FENDRR,ZFHX3
229,ANOS1,SOX6,LUCAT1,GNB4,SIGLEC7,NR2F2-AS1,PLEKHA7,ADAMTS18,PHLPP1,BCAN,PDGFRB,THBS1,SSPN,ELMO1-AS1,FPR3,SLC19A1,PGR,RIN3,CP,SNTB1,NIBAN1,PTPRZ1,MGAM,PLD1
230,PDE1C,MS4A4E,LINC02072,DOCK10,CD55,WIPF1,ELF1,TRG-AS1,HILPDA,SLC16A12,LAMA4,GNA14-AS1,MIR646HG,SLC6A13,MAP3K8,LAT2,FGF1,NPL,L3MBTL4,SRGAP1,PLTP,CDKN2B-AS1,PRAM1,ACSS3
231,FCGBP,CLEC9A,NR4A3,SRGN,COL5A3,BAG3,SOCS6,EMCN,GNA14-AS1,PLD1,MS4A1,EYA1,CD163L1,HEYL,PALM2AKAP2,ALOX5,PLAC8,HLA-DMB,LHFPL3,SUCLG2-DT,CYTH4,KCNMB1,SEMA5A,TLL1
232,CD68,IL18,SLCO2B1,RGS12,ADIPOR2,SERPINH1,RNASE1,TMTC2,OLR1,ADGRD1,SLC2A1,CCL3L1,PTH1R,LINC00511,GCNT2,SLC2A1,HLA-E,CDKN1C,MCAM,RMST,ZBTB20-AS5,LPAR1,XAF1,BAG3
233,SLC25A13,CNTN5,CPQ,LINC01876,TNFAIP3,HLA-A,LURAP1L-AS1,COL9A1,CRH,PTGS1,CAPN3,PDE8A,SOCS6,TNS1,ADM,SLC7A5,MYO15B,CD36,TRIM59,ADM,PHLDB1,LINC02473,ATP8B4,GLDN
234,MT1F,COL4A5,SERPINB9,CCDC13-AS1,FTL,CDH23,SP110,FGFR2,LDB3,VAV1,TGFBI,CPA6,ARHGAP15,EMP2,CEBPD,LDB3,HDAC2-AS2,HPGDS,SLC2A3,TMEM144,ITPR2,LOC105377862,GAD2,LINC02008
235,HLA-C,DHRS3,H2BC18,PLA2G4A,THEMIS,MYO1F,GASK1B-AS1,QDPR,CBR1,DOCK1,B4GALT1,IL21R,S100A10,HSPB8,RASAL3,XRCC4,LINC00639,CNKSR3,C8orf34,SVEP1,HILPDA,GIMAP5,ADGRL4,ALOX5
236,MKRN3,SLC19A1,PHLPP1,TGFBR1,WWTR1,PSTPIP2,SLCO2B1,AXL,FAM222A-AS1,SOCS6,SP110,PPP1R3C,SOX10,RASGEF1C,CALCRL,TLR6,GSN,ATP6V0D2,CABLES1,CHRM5,ADIRF,LINC00968,S100B,LINC02882
237,ABTB2,SUCNR1,SLC11A1,HEY2-AS1,MT1M,BEST1,VCAN-AS1,SHISA6,LINC02649,LRRC1,PLSCR1,PIP4K2A,LOC107984203,MID1,PELI1,SEMA6A-AS1,SLC6A20,LINC00472,LINC00511,ARHGAP24,BHLHE41,PSTPIP2,MRC2,PCED1B
238,PREX2,LINC02328,NINJ2,CBR1,CHODL,IPCEF1,PCSK6,NRXN1-DT,LINC03048,RAB20,CYBB,CD36,ZBTB20-AS5,AGA-DT,TSC22D4,FGD3,ENTREP1,KCTD12,IFI44,IRAK3,PADI2,MKRN3,DLC1,P2RY12
239,SERPINA3,FGF13,THSD4,FPR3,CTSC,LINC02232,LINC01931,TMEM165,TAFA4,COL4A1,PTN,NPY,HLA-DRB1,TNFRSF10B,BMPR1B,VEGFA,FA2H,PDGFRA,LRMDA,EPSTI1,BBOX1,EYA4,LOC101927141,LNC-LBCS
240,RAB20,CPED1,NCKAP1L,IL1A,ELOVL7,HSPB1,GADD45B,SOX10,LRP4-AS1,ST6GALNAC3,CLEC12A,ITM2A,TBX15,NWD1,SLC1A5,FOS,ELMO1,LUCAT1,BHLHE41,BMP6,GAD2,ITPKB,WHRN,LAMP2
241,NKAIN3,SOCS6,ADAM28,THEMIS,VAV3,PRKCQ,LINC02649,ABCC9,PLEKHA7,SIGLEC9,LINC01416,CDH23,LINC01317,PDGFB,ATP10B,AEBP1,MEPE,DIPK1C,LINC01374,MLC1,C5orf64,LOC105370315,BCAN,CD82
242,FAM149A,ADGRL4,LMCD1-AS1,CPB1,PRIMA1,ABCC9,STOM,EVA1B,PCED1B-AS1,CP,CX3CR1,CDKN2B-AS1,NPSR1-AS1,LRRC1,HTR2C,SYNE2,PAICS,SKAP1,MBP,B2M,FOLH1,CYP1B1,PBX3,LINC02328
243,CYBRD1,LILRB5,ALK,LPAR6,RNASE1,APCDD1,LAMA2,NOTCH3,TYMP,CYSLTR1,MBNL3,TOP2A,SPATA22,SELE,LUCAT1,IL13RA1,ADAMTS4,CPB2-AS1,GBP2,CHRM2,EFEMP1,NAMPT,LOC101927314,NR2F2-AS1
244,CYSLTR2,ITGB2-AS1,LOC101927026,TRG-AS1,CCR1,SYNPR,HIGD1B,P2RY13,CPVL,ANKRD44,ADAM12,GLIS3,SLC5A11,MAP3K8,TAC1,STK33,TLR10,MIR325HG,FAM149A,LINC03048,TMEM144,CBR1,MROH9,ELMO1
245,ITPR2,SHISA8,TMEM144,TAC1,TLR6,KIAA1217,WDR49,IL1R2,PLPP4,SUCLG2-DT,CNR1,ZNF366,HLA-DMB,ALK,ENTPD1,STON2,HYCC1,TNFRSF10B,MIR4527HG,MTUS1,PTCHD4,SPATA13,AOAH,C4orf19
246,CLEC5A,IL1A,SFMBT2,SST,ROR2,STEAP4,LRIG1,ARHGAP31,PGM5,GPR34,HSPA1B,LINC02328,GPR34,HIF1A-AS3,NOTCH2,MS4A4A,HES1,CSF2RA,DCN,CRYAB,RAB31,IL1RN,LINC00924,ZHX2
247,RERG,ACP3,KCNK13,PAICS,LINC02930,CLEC9A,SPHKAP,H2BC11,ID4,HIPK2,LINC00540,GRIN2C,FHL5,MCTP2,ABI3BP,SLC31A2,ADAMTS17,LINC03002,IQGAP2,SFMBT2,CYSLTR1,DOCK2,TMTC2,PGM5
248,BMP7,MYO16,MTUS1,EMX2OS,CD38,SLC16A1,BACH1,LINC01470,BCAN,SERPINH1,A2M,LINC02712,CMTM7,LDLRAD3,MAN2A1,LOC100507336,LINC02008,PLEKHG3,NAMPT,ST6GALNAC3,SLC7A11,HHATL,PTAFR,CD58
249,COL25A1,LAMA2,CCL5,NRXN1-DT,USP53,HLA-DRB5,OLR1,SLC6A13,SLC9A9,PWRN1,TGIF2,MIR4300HG,LOC101927026,CYSLTR2,JUNB,ABCA2,SST,ZCCHC24,OAF,CHST9,FAT4,MROCKI,ACSM5,NXPH2
250,LOC101926964,CCK,DLC1,SSPN,KCNE4,CAPN3,LOC107985126,HTR2C,SLC2A3,SLC16A9,ALPK1,ATF3,NAMPT,NTN1,LPAR1,RBPMS,SRPX2,ARHGAP42,LDB3,LINC01299,FGF2,LINC02884,TMEM71,SLC16A9
251,COLEC12,ADAM28,NUPR1,ANGPTL4,SIRPB2,ARHGAP45,ABTB2,HPSE2,MEGF11,LOC107984203,PTGS1,SLC2A1,DBNDD2,SIRPD,PTAFR,PTN,MIR325HG,SPON1,LCP1,IL10RA,RASGEF1C,RIN3,HLA-DOA,SYNE2
252,DOCK10,DOCK10,TRPC3,HEPACAM,H2BC18,STAB1,PHLPP1,EVI2A,NDST4,PACRG-AS3,DLC1,LOC101926964,SAMD9L,LOC101928516,THSD7A,LINC03002,PI16,BLNK,LAMA2,VEGFA,MOBP,NOTCH2,SUCLG2-DT,PELI1
253,ANXA8,BHLHE41,CHRM2,HIF1A-AS3,SGO1-AS1,SLC7A7,COL25A1,HIGD1B,PHLDB1,LINC00511,GADD45B,RANBP3L,XYLT1,LINC02055,DISC1,NDE1,TCF7L1,RGS18,PRUNE2,TPD52L1,LOC105377448,TLR6,PDE8A,PLEKHG3
254,SEPTIN4-AS1,EYS,LOC105371366,MYO1G,SCD,KYNU,SV2C,COL4A4,LINC02997,SVEP1,RHOH,KCNIP1,ISM1,TNC,FREM2,LHFPL3-AS1,ZFP36L2,FERMT1,LOC105369147,DLEU1,H2BC18,ATP1B2,OBI1-AS1,LINC02263
255,CHI3L1,HS3ST5,GPR34,DPP10-AS3,LOC613266,APOE,LYPD6,GPR149,ZBTB20-AS5,PLA1A,CMKLR1,NCF2,SLC2A1,ANXA8,CPB1,CD48,RASSF2,RASGRP3,LINC01416,SLC9A9,EDN1,CDKN1C,MYO5B,SLC44A1
256,GPR183,MRC2,TNFRSF10B,CRH,NEDD9,HBA1,WWTR1,TMEM144,CCL5,PCA3,FPR3,NPSR1-AS1,CCL19,HIP1,DLEU1,TNC,PRKCH,LINC01931,SUCLG2-DT,SAMSN1,LINC01090,RGS18,LAMA4,HLA-DRB1
257,DDIT4,CD14,LOC107984203,HTR2C,SMOC1,PDK4,RERG,LOC100506474,LOC107985126,ATP1B2,CXCL3,PDGFRB,LINC01374,SOX10,MYO16,HSPB8,RGS12,USP6NL,VAV3,DEPP1,WIF1,COL9A2,HHIP,CBR1
258,ZHX2,TTYH2,KLHL1,CYP1B1,LAMA1,ERBB4,SLC7A5,ADAMTSL1,GPR37,PRAM1,CLEC7A,HLA-DQA1,KCNK13,CAPN3,FGR,GNLY,LAMA4,CDC42EP4,LMCD1-AS1,FN1,SLC44A1,STK33,SEPTIN4-AS1,DENND3
259,PBX3,ITGA6,EDN1,TAC3,CCDC26,EPB42,ADCY7,ZFHX4-AS1,ABTB2,MT3,IFI27,NOSTRIN,SPI1,HLA-C,CDKN1C,PHLPP1,LPAR1,EGLN3,LYPD6,LAMA3,SH3BP4,PI16,IRAK3,PLIN5
260,SCHLAP1,CTNNA3,ATP10B,BEST3,TAGLN,CXCL14,JUNB,ADAM28,HLA-DMB,LDB3,EMC10,H2BC18,LDLRAD3,FCMR,ADGRE2,CLMN,NDE1,PARD3,CYSLTR2,GZMA,DPP10,FOS,KCNIP1,MYO1F
261,ALOX5,MNDA,SOX10,SLC35D2,DOCK1,FENDRR,LRP4-AS1,LOC101929626,CPAMD8,LINC01505,OBI1-AS1,ENOX2,CDK18,HILPDA,SOCS6,LY96,FGF13,FPR3,CHRNA7,CARTPT,MBP,SLC44A1,BMP2K,AGBL1
262,SGCZ,LINC01876,ABTB2,MEGF11,FAM114A1,LRP4-AS1,LMCD1-AS1,MROH9,BLNK,IFNG,CLCA4,KCTD12,CD74,SUCNR1,PARP9,PLTP,AXL,POLR2F,MEGF11,LOC101930421,PLEKHG3,YBX3,DDX60L,BEST3
263,LINC00540,SLC25A13,GNA14-AS1,LOC105374524,NDE1,FLI1,TAC3,CDH20,ITM2A,RASSF2,LINC01036,TGFBR1,TMEM273,ITGAL,ALK,CDKN1A,LURAP1L-AS1,COL4A1,APCDD1,ATP13A4,CYP19A1,TRAF3IP3,LINC02511,LOC105374524
264,SLC4A4,LINC03069,ITK,LINC02511,LINC02240,PLAC8,ATP1A2,SKAP1,LINC01608,WIPF1,LINC02649,FERMT1,LINC02882,LINC01036,OTULINL,LMNTD1,NTN1,EMX2OS,SP110,ENTPD1,PLA2G4A,RASGRP3,LOC105377188,EYA1
265,WIF1,GNLY,LRP4-AS1,SUCLG2,LDLRAD3,ZNF385D,GNA14,ANGPTL4,TFEC,FGF13,CD68,LAIR1,GPR37,FCRL3,THSD7B,SLC24A3,LTBP1,RGS10,PLD1,ITPR2,PREX1,LAT2,TFRC,LOC105370315
266,LINC01099,STEAP1B,LAMA4,MYO1F,PIP4K2A,SLC4A4,GNB4,HLA-DOA,CALCRL,NDE1,ADGRV1,SIGLEC1,GNB4,LINC02694,HPN-AS1,PDE1C,MIR4527HG,LINC01179,MYO1E,CSF2RA,MT1X,CAVIN2,LINC01876,PDE1C
267,SEMA3G,IRAG1,AQP1,DLC1,RASGEF1C,PSD2,BBOX1,PAQR5,AOAH,EMP2,AKAP13,LINC01608,PTPRC,LAMA1,LINC02328,HLA-C,IL18RAP,TENT5A,SUCLG2,MPEG1,TMEM125,LHFPL2,KIAA1217,CLDN11
268,FAT4,LRIG1,LINC01374,CD34,BIN2,FGL1,MGST1,PAPLN,ENOX2,WHRN,MAP3K8,HLA-DRB1,ITGA6,ID1,RPS6KA1,BTK,SELENOP,EYA1,TMEM123,ST6GAL1,TRIM59,LINC02712,CNTN2,PARP4
269,MLC1,MT3,ZNRF3,SLC9A9,LHFPL2,LUZP2,MYO5B,ITM2A,FERMT1,ANOS1,TAGLN,LOC124903183,FGL2,LOC613266,CMTM7,AGA-DT,ARHGAP24,TIE1,PITPNC1,LOC101927026,TMCC3,LOC105377188,IL1RL1,BHLHE41
270,LMCD1-AS1,XIRP1,TMEM123,PRR18,COL3A1,TSHZ2,ZHX2,CREB5,ELMO1-AS1,CPB2-AS1,RASGRP3,DHRS9,TRG-AS1,EVI2A,FBXL7,ALPK1,FGL2,TAC3,CLDND1,PHLDB1,KIAA1217,GPNMB,LRRC63,SLC6A20
271,USP53,MAP3K8,RASGRP3,GPR149,NEAT1,LINC00320,ATP10B,ANKRD37,H2BC18,BIN2,LINC03002,LRIG1,TOP2A,MYO1F,UGT8,LOC105373170,LINC00276,NDRG1,CYSLTR1,ATP10A,DAAM2,PARP14,NKAIN3,SEMA6A-AS1
272,SUCLG2,ZNF804B,TNFRSF11B,SHOC1,ATP10A,PRDM16,RASSF8,FGL2,GALNT15,CMTM7,IFI30,ADAMTS9-AS2,KIF6,ARHGAP45,HAPLN2,ANKRD44,PIK3AP1,CTSC,LOC105373170,CP,CNKSR3,KIAA1217,SLC39A11,TLR6
273,DCN,PTGS1,ZBTB20,PXK,RASSF2,PTN,THBS1,MIR325HG,ATP10B,CPED1,CCL4L2,CD83,RAMP2,PLAC8,ARHGAP25,NOTCH2,RNF144B,DBNDD2,F13A1,PGM5,ADAM12,TOP2A,LINC00540,RHOU
274,ITGAX,MT1M,CRYBG3,SLC25A48,BCL2A1,TTN,SLC2A1,ADIPOR2,XRCC4,PDLIM5,AOAH,SLC6A13,MIR4300HG,CALB2,CAPN3,CHRM2,LINC01505,ARHGAP25,LY96,MAP3K8,MSR1,PDGFRB,HIPK2,ATP11C
275,RNF144B,MOBP,TFPI,PMP22,GLI2,CA2,LINC00320,LINC02649,PAICS,LOC101926964,PSD2,TFPI,BHLHE41,SINHCAF,LRP4-AS1,LINC02381,FCGR2A,ADAP2,NCKAP1L,VIT,CP,PREX2,CHODL,BLNK
276,CD58,LINC00299,LOC105377862,LINC01098,MT1X,LRRC3B,CERCAM,LEF1,CYTH4,SLC9A9,TNFRSF10B,GASK1B-AS1,THSD7B,CASC17,CNDP1,DLEU1,LOC613266,SPI1,CIITA,CYTH4,RGS5,LOC105374524,UST,CCL5
277,PGM5,ATP13A4,PLPPR1,GPR183,CDH5,ACSBG1,IER3,GPR37L1,LURAP1L-AS1,CHRM5,NHSL1,CCDC13-AS1,MEGF10,RGS12,DISP1,PARP14,PLPP2,MILR1,THBS1,PDGFB,SLC19A1,SLC16A1,ZNF804A,CECR2
278,CHST3,PCDH15,SEMA6A,LCP1,SDK1,PLD4,BIN2,PARP4,CYP1B1,MT1X,PHYHD1,TMEM98,CRISPLD2,CDKN1A,HIF1A,TYMP,GBP2,ELF1,CARTPT,PHLPP1,LOC105374524,TAGLN,HLA-DRB1,BCAN
279,PLEKHH2,B4GALT1,P2RY13,ZHX2,PKP2,LOC101927314,TCF7L1,ADIRF,THBS2,ATP13A4,LINC02882,TMEM144,CD37,FAM114A1,SUCLG2,CD38,HHIP,KCNMB1,MYO5B,TNS1,DEPP1,FGD4,BMP6,ENTREP1
280,CPVL,LINC00996,B4GALT1,CLIC4,LOC102724768,CLDN5,CPVL,OSMR,NPL,C1orf87,ENG,RNF125,LTBP2,USP6NL,IL10RA,AASS,RUNX1,PLCH1,CAPN3,ST8SIA6,THEMIS,PHYHD1,LINC01099,PCDH15
281,PPP1R14A,PAMR1,CTSC,LINC00326,PLPP3,RIPOR3,FTL,CD34,RIPOR3,LINC02381,LINC02328,HSPB8,NEK3,ACSL1,PGM5,BCAN,DSEL-AS1,RAB31,LNC-LBCS,SLC4A4,GCNT2,DPYD-AS1,SLCO1A2,MIR4300HG
282,CMTM7,PMAIP1,ZBTB20-AS5,TNFAIP3,EDNRA,DNAH11,CYP1B1,LOC105371366,DBNDD2,SP110,KMO,CD37,FOXO1,LINC03048,SLC24A3,TSC22D4,GADD45B,CABLES1,LINC02328,MT3,LAMA4,EZR,CNR1,ADAMTS18
283,SLC9A9,ID1,RIPOR3,OLR1,LINC01446,PRUNE2,TMEM163,ENTPD1,HSPB8,LOC101930421,ATP8B4,CSF2RA,SLC2A9,ELOVL7,PRELP,CYSLTR1,LINC00609,SLC2A1,PHLDB1,PAICS,GRIK1,POU2AF1,HLA-DMB,SST
284,ID1,VRK2,MBNL3,NPY,PTH1R,F3,MAML3,TRPC6,USP6NL,PTAFR,LRP4-AS1,LINC01374,LINC01416,IL7R,PLEKHG3,KIF26B,PALD1,MLPH,UGT8,HLA-DPA1,ARHGAP6,TLR1,LRRC32,MSN
285,PMP2,LILRB4,LINC00540,ABCC4,CYBB,CBLN2,LINC01374,GIMAP4,HIGD1B,SV2C,SOX10,DBNDD2,PHLDB1,LHFPL3-AS1,CX3CR1,PLCH1,ATF3,FGD2,CFAP418-AS1,AZGP1,LTBP1,B4GALT1,ARHGAP22,FGF1
286,FPR3,MCTP2,SP110,CNR1,BCHE,TSPAN15,HLA-DMB,PLSCR1,AGMO,IFI16,ZBTB20-AS5,LINC01416,CCDC200,RGS20,PYCARD,USP53,EYA2,IFI30,ACSS3,GNB4,SLC22A3,EPAS1,LOC105378311,BTG2
287,LOC101928651,ARHGAP30,TRG-AS1,MT2A,SLFN12,LINC02240,MYO1E,PIK3AP1,HBB,ACSL1,TFRC,HK2,IRAG1,LOC102724768,MYO1F,TNS1,ADAMTS14,PCSK6,LINC01090,DISC1FP1,LOC105377862,PDCD1,CD300A,MTUS1
288,PARP4,CYBB,SPHKAP,ZNF385D-AS2,GPR149,AIF1L,SLC16A9,CCL5,DISP1,SLC44A1,CARD8,BTK,OLR1,ARHGAP22,LILRB4,SEMA6A,LINC01411,LMO2,LRIG1,LOC105374524,ZNRF3,LNC-LBCS,ZNF385D,CHRM5
289,CD99,P2RY13,LINC02057,CCL4L2,LOC124909494,PDGFRA,HAMP,RIN2,MT3,CST7,PAMR1,ZNF385D-AS2,BCAN,OAF,STON2,LOC105371366,MEGF10,DPP10-AS3,IFI27,CIITA,KCNQ1,TYMP,BBOX1,ADGRG1
290,RGS16,LINC01090,KIF6,SUCLG2-DT,SUCLG2-DT,GPR174,NR4A3,IPCEF1,STEAP4,SEPTIN4-AS1,SLC52A3,LINC01010,ENPP2,ARHGEF26,MCTP2,LGALS9,SYNPR,PGM5,LINC01375,SELPLG,CEMIP,SRPX2,PLEKHG3,CBLN2
291,NIBAN1,CCL4,RCSD1,RBPMS,RIN2,TACR1,GPR34,PRRX1,IL21R,LRIG1,LUCAT1,TMEM123,PDGFB,CD38,TM4SF18,PLLP,FAM149A,SLC24A3,HSPA1B,ZNRF3,AGTR1,CDC14A,LHFPL2,FOLH1
292,CTSZ,SLC9A9,SLA,GAB3,CSF3R,CBR1,PPP1R3C,HAPLN2,CIITA,KCNQ1,SELE,HES1,SEMA5A,SLC22A3,LINC02240,CHD7,F13A1,NRXN1-DT,PNOC,DIPK1C,TTN,MS4A4E,ADAMTS14,GRIK1
293,PARD3B,TENT5A,ACSL1,FA2H,CHRNA7,PRR5L,LINC02057,TLR6,GBP2,TLL1,EGLN3,LINC03048,LRP4-AS1,LOC124904701,SHROOM4,ARHGAP6,GRAP2,GCNT2,LINC02008,KCNH8,VIT,ANGPT2,TRABD2B,B2M
294,ADAP2,TMC6,ABCG2,PPP1R9A-AS1,LMO2,ARHGAP42,DDR2,CD37,LINC01416,LURAP1L-AS1,MCTP2,SLC14A1,CYSLTR2,HMCN1,TREML1,CCK,GNA14,GAD2,S100Z,LOC124903183,SVEP1,FOLR2,EVI2A,LOC105374438
295,MYO10,CCL8,FGF1,COBLL1,LRP2,OPALIN,BLNK,PALM2AKAP2,CARD8,BBOX1,CSF3R,CST7,NINJ2,SCHLAP1,LST1,CD83,MOBP,CYSLTR1,IL21R,C11orf96,IL17RA,ICAM2,MEIS1,FAM107B
296,RUNX2,ERMN,LNC-LBCS,LAMA4,SPHKAP,CYP19A1,SEMA3B,CNDP1,QDPR,TRIM59,MORC1,CD55,ENTPD1,DAPK2,PLEKHH1,SP110,TGFB1,S100B,H2BC18,A2M,GPR34,NDST4,BEST3,MT3
297,MYOF,LOC102724104,SLC6A20,LINC02263,CD180,RAB31,MIR646HG,ATP1A2,HISLA,HIF3A,LINC01608,CARD8,ITGA1,TNS3,SIGLEC10,HIPK2,NPSR1,CEBPD,SLC7A2,PDE3A,IL10RA,PRIMA1,DOCK1,CST3
298,LDB3,TREML4,ARHGAP25,PLXDC2,DOCK2,COL21A1,MX2,SPTLC3,CD163L1,NRXN1-DT,BTK,TAC3,ST6GAL1,CHODL,TYMP,CARD8,ANOS1,TACR1,GPR34,AGT,CPA6,SCHLAP1,BHLHE41,PLP1
299,SLC35D2,LINC02953,NCF2,HS3ST5,LINC01060,PAICS,ATF3,SH3TC2,ENTPD1,ZNF804B,LOC102724768,LOC101928516,COL21A1,NCKAP1L,PLA2G4A,RGS12,CD180,OLFML3,LOC613266,SP110,LINC01179,IL7R,H2BC11,NPY
